Date,Filename,Original Size (B),Optimized To (B),Savings (%)
1/20/2015 1:13:47 PM, img/2015/GlyphXmlNamespace/TotalGlyphItems.png, 440, 240, 45.5
1/20/2015 1:13:48 PM, img/2015/GlyphXmlNamespace/GlyphItemShortcut.png, 440, 240, 45.5
1/20/2015 1:13:48 PM, img/2015/GlyphXmlNamespace/GlyphItemPublic.png, 440, 240, 45.5
1/20/2015 1:13:48 PM, img/2015/GlyphXmlNamespace/GlyphItemProtected.png, 440, 240, 45.5
1/20/2015 1:13:49 PM, img/2015/GlyphXmlNamespace/GlyphItemPrivate.png, 440, 240, 45.5
1/20/2015 1:13:49 PM, img/2015/GlyphXmlNamespace/GlyphItemInternal.png, 440, 240, 45.5
1/20/2015 1:13:49 PM, img/2015/GlyphXmlNamespace/GlyphItemFriend.png, 440, 240, 45.5
1/20/2015 1:13:50 PM, img/2015/GlyphXmlItem/TotalGlyphItems.png, 225, 150, 33.3
1/20/2015 1:13:50 PM, img/2015/GlyphXmlItem/GlyphItemShortcut.png, 225, 150, 33.3
1/20/2015 1:13:51 PM, img/2015/GlyphXmlItem/GlyphItemPublic.png, 225, 150, 33.3
1/20/2015 1:13:51 PM, img/2015/GlyphXmlItem/GlyphItemProtected.png, 225, 150, 33.3
1/20/2015 1:13:51 PM, img/2015/GlyphXmlItem/GlyphItemPrivate.png, 225, 150, 33.3
1/20/2015 1:13:52 PM, img/2015/GlyphXmlItem/GlyphItemInternal.png, 225, 150, 33.3
1/20/2015 1:13:52 PM, img/2015/GlyphXmlItem/GlyphItemFriend.png, 225, 150, 33.3
1/20/2015 1:13:52 PM, img/2015/GlyphXmlDescendantQuestion/TotalGlyphItems.png, 537, 283, 47.3
1/20/2015 1:13:53 PM, img/2015/GlyphXmlDescendantQuestion/GlyphItemShortcut.png, 537, 283, 47.3
1/20/2015 1:13:53 PM, img/2015/GlyphXmlDescendantQuestion/GlyphItemPublic.png, 537, 283, 47.3
1/20/2015 1:13:54 PM, img/2015/GlyphXmlDescendantQuestion/GlyphItemProtected.png, 537, 283, 47.3
1/20/2015 1:13:54 PM, img/2015/GlyphXmlDescendantQuestion/GlyphItemPrivate.png, 537, 283, 47.3
1/20/2015 1:13:54 PM, img/2015/GlyphXmlDescendantQuestion/GlyphItemInternal.png, 537, 283, 47.3
1/20/2015 1:13:55 PM, img/2015/GlyphXmlDescendantQuestion/GlyphItemFriend.png, 537, 283, 47.3
1/20/2015 1:13:55 PM, img/2015/GlyphXmlDescendantCheck/TotalGlyphItems.png, 554, 272, 50.9
1/20/2015 1:13:56 PM, img/2015/GlyphXmlDescendantCheck/GlyphItemShortcut.png, 554, 272, 50.9
1/20/2015 1:13:56 PM, img/2015/GlyphXmlDescendantCheck/GlyphItemPublic.png, 554, 272, 50.9
1/20/2015 1:13:57 PM, img/2015/GlyphXmlDescendantCheck/GlyphItemProtected.png, 554, 272, 50.9
1/20/2015 1:13:57 PM, img/2015/GlyphXmlDescendantCheck/GlyphItemPrivate.png, 554, 272, 50.9
1/20/2015 1:13:58 PM, img/2015/GlyphXmlDescendantCheck/GlyphItemInternal.png, 554, 272, 50.9
1/20/2015 1:13:58 PM, img/2015/GlyphXmlDescendantCheck/GlyphItemFriend.png, 554, 272, 50.9
1/20/2015 1:13:58 PM, img/2015/GlyphXmlDescendant/TotalGlyphItems.png, 316, 179, 43.4
1/20/2015 1:13:59 PM, img/2015/GlyphXmlDescendant/GlyphItemShortcut.png, 316, 179, 43.4
1/20/2015 1:13:59 PM, img/2015/GlyphXmlDescendant/GlyphItemPublic.png, 316, 179, 43.4
1/20/2015 1:14:00 PM, img/2015/GlyphXmlDescendant/GlyphItemProtected.png, 316, 179, 43.4
1/20/2015 1:14:00 PM, img/2015/GlyphXmlDescendant/GlyphItemPrivate.png, 316, 179, 43.4
1/20/2015 1:14:00 PM, img/2015/GlyphXmlDescendant/GlyphItemInternal.png, 316, 179, 43.4
1/20/2015 1:14:01 PM, img/2015/GlyphXmlDescendant/GlyphItemFriend.png, 316, 179, 43.4
1/20/2015 1:14:01 PM, img/2015/GlyphXmlChildQuestion/TotalGlyphItems.png, 545, 265, 51.4
1/20/2015 1:14:01 PM, img/2015/GlyphXmlChildQuestion/GlyphItemShortcut.png, 545, 265, 51.4
1/20/2015 1:14:02 PM, img/2015/GlyphXmlChildQuestion/GlyphItemPublic.png, 545, 265, 51.4
1/20/2015 1:14:02 PM, img/2015/GlyphXmlChildQuestion/GlyphItemProtected.png, 545, 265, 51.4
1/20/2015 1:14:03 PM, img/2015/GlyphXmlChildQuestion/GlyphItemPrivate.png, 545, 265, 51.4
1/20/2015 1:14:03 PM, img/2015/GlyphXmlChildQuestion/GlyphItemInternal.png, 545, 265, 51.4
1/20/2015 1:14:04 PM, img/2015/GlyphXmlChildQuestion/GlyphItemFriend.png, 545, 265, 51.4
1/20/2015 1:14:04 PM, img/2015/GlyphXmlChildCheck/TotalGlyphItems.png, 560, 285, 49.1
1/20/2015 1:14:05 PM, img/2015/GlyphXmlChildCheck/GlyphItemShortcut.png, 560, 285, 49.1
1/20/2015 1:14:05 PM, img/2015/GlyphXmlChildCheck/GlyphItemPublic.png, 560, 285, 49.1
1/20/2015 1:14:05 PM, img/2015/GlyphXmlChildCheck/GlyphItemProtected.png, 560, 285, 49.1
1/20/2015 1:14:06 PM, img/2015/GlyphXmlChildCheck/GlyphItemPrivate.png, 560, 285, 49.1
1/20/2015 1:14:06 PM, img/2015/GlyphXmlChildCheck/GlyphItemInternal.png, 560, 285, 49.1
1/20/2015 1:14:07 PM, img/2015/GlyphXmlChildCheck/GlyphItemFriend.png, 560, 285, 49.1
1/20/2015 1:14:07 PM, img/2015/GlyphXmlChild/TotalGlyphItems.png, 410, 212, 48.3
1/20/2015 1:14:07 PM, img/2015/GlyphXmlChild/GlyphItemShortcut.png, 410, 212, 48.3
1/20/2015 1:14:08 PM, img/2015/GlyphXmlChild/GlyphItemPublic.png, 410, 212, 48.3
1/20/2015 1:14:08 PM, img/2015/GlyphXmlChild/GlyphItemProtected.png, 410, 212, 48.3
1/20/2015 1:14:08 PM, img/2015/GlyphXmlChild/GlyphItemPrivate.png, 410, 212, 48.3
1/20/2015 1:14:09 PM, img/2015/GlyphXmlChild/GlyphItemInternal.png, 410, 212, 48.3
1/20/2015 1:14:09 PM, img/2015/GlyphXmlChild/GlyphItemFriend.png, 410, 212, 48.3
1/20/2015 1:14:10 PM, img/2015/GlyphXmlAttributeQuestion/TotalGlyphItems.png, 658, 349, 47
1/20/2015 1:14:10 PM, img/2015/GlyphXmlAttributeQuestion/GlyphItemShortcut.png, 658, 349, 47
1/20/2015 1:14:10 PM, img/2015/GlyphXmlAttributeQuestion/GlyphItemPublic.png, 658, 349, 47
1/20/2015 1:14:11 PM, img/2015/GlyphXmlAttributeQuestion/GlyphItemProtected.png, 658, 349, 47
1/20/2015 1:14:11 PM, img/2015/GlyphXmlAttributeQuestion/GlyphItemPrivate.png, 658, 349, 47
1/20/2015 1:14:12 PM, img/2015/GlyphXmlAttributeQuestion/GlyphItemInternal.png, 658, 349, 47
1/20/2015 1:14:12 PM, img/2015/GlyphXmlAttributeQuestion/GlyphItemFriend.png, 658, 349, 47
1/20/2015 1:14:12 PM, img/2015/GlyphXmlAttributeCheck/TotalGlyphItems.png, 667, 386, 42.1
1/20/2015 1:14:13 PM, img/2015/GlyphXmlAttributeCheck/GlyphItemShortcut.png, 667, 386, 42.1
1/20/2015 1:14:13 PM, img/2015/GlyphXmlAttributeCheck/GlyphItemPublic.png, 667, 386, 42.1
1/20/2015 1:14:13 PM, img/2015/GlyphXmlAttributeCheck/GlyphItemProtected.png, 667, 386, 42.1
1/20/2015 1:14:14 PM, img/2015/GlyphXmlAttributeCheck/GlyphItemPrivate.png, 667, 386, 42.1
1/20/2015 1:14:14 PM, img/2015/GlyphXmlAttributeCheck/GlyphItemInternal.png, 667, 386, 42.1
1/20/2015 1:14:15 PM, img/2015/GlyphXmlAttributeCheck/GlyphItemFriend.png, 667, 386, 42.1
1/20/2015 1:14:15 PM, img/2015/GlyphXmlAttribute/TotalGlyphItems.png, 654, 356, 45.6
1/20/2015 1:14:16 PM, img/2015/GlyphXmlAttribute/GlyphItemShortcut.png, 654, 356, 45.6
1/20/2015 1:14:16 PM, img/2015/GlyphXmlAttribute/GlyphItemPublic.png, 654, 356, 45.6
1/20/2015 1:14:16 PM, img/2015/GlyphXmlAttribute/GlyphItemProtected.png, 654, 356, 45.6
1/20/2015 1:14:17 PM, img/2015/GlyphXmlAttribute/GlyphItemPrivate.png, 654, 356, 45.6
1/20/2015 1:14:17 PM, img/2015/GlyphXmlAttribute/GlyphItemInternal.png, 654, 356, 45.6
1/20/2015 1:14:18 PM, img/2015/GlyphXmlAttribute/GlyphItemFriend.png, 654, 356, 45.6
1/20/2015 1:14:18 PM, img/2015/GlyphWarning/TotalGlyphItems.png, 337, 205, 39.2
1/20/2015 1:14:18 PM, img/2015/GlyphWarning/GlyphItemShortcut.png, 337, 205, 39.2
1/20/2015 1:14:19 PM, img/2015/GlyphWarning/GlyphItemPublic.png, 337, 205, 39.2
1/20/2015 1:14:19 PM, img/2015/GlyphWarning/GlyphItemProtected.png, 337, 205, 39.2
1/20/2015 1:14:20 PM, img/2015/GlyphWarning/GlyphItemPrivate.png, 337, 205, 39.2
1/20/2015 1:14:20 PM, img/2015/GlyphWarning/GlyphItemInternal.png, 337, 205, 39.2
1/20/2015 1:14:21 PM, img/2015/GlyphWarning/GlyphItemFriend.png, 337, 205, 39.2
1/20/2015 1:14:21 PM, img/2015/GlyphVBProject/TotalGlyphItems.png, 353, 225, 36.3
1/20/2015 1:14:23 PM, img/2015/GlyphVBProject/GlyphItemShortcut.png, 353, 225, 36.3
1/20/2015 1:14:23 PM, img/2015/GlyphVBProject/GlyphItemPublic.png, 353, 225, 36.3
1/20/2015 1:14:23 PM, img/2015/GlyphVBProject/GlyphItemProtected.png, 353, 225, 36.3
1/20/2015 1:14:24 PM, img/2015/GlyphVBProject/GlyphItemPrivate.png, 353, 225, 36.3
1/20/2015 1:14:24 PM, img/2015/GlyphVBProject/GlyphItemInternal.png, 353, 225, 36.3
1/20/2015 1:14:24 PM, img/2015/GlyphVBProject/GlyphItemFriend.png, 353, 225, 36.3
1/20/2015 1:14:25 PM, img/2015/GlyphReference/TotalGlyphItems.png, 361, 206, 42.9
1/20/2015 1:14:25 PM, img/2015/GlyphReference/GlyphItemShortcut.png, 361, 206, 42.9
1/20/2015 1:14:26 PM, img/2015/GlyphReference/GlyphItemPublic.png, 361, 206, 42.9
1/20/2015 1:14:26 PM, img/2015/GlyphReference/GlyphItemProtected.png, 361, 206, 42.9
1/20/2015 1:14:27 PM, img/2015/GlyphReference/GlyphItemPrivate.png, 361, 206, 42.9
1/20/2015 1:14:27 PM, img/2015/GlyphReference/GlyphItemInternal.png, 361, 206, 42.9
1/20/2015 1:14:28 PM, img/2015/GlyphReference/GlyphItemFriend.png, 361, 206, 42.9
1/20/2015 1:14:28 PM, img/2015/GlyphRecursion/TotalGlyphItems.png, 438, 231, 47.3
1/20/2015 1:14:28 PM, img/2015/GlyphRecursion/GlyphItemShortcut.png, 438, 231, 47.3
1/20/2015 1:14:29 PM, img/2015/GlyphRecursion/GlyphItemPublic.png, 438, 231, 47.3
1/20/2015 1:14:29 PM, img/2015/GlyphRecursion/GlyphItemProtected.png, 438, 231, 47.3
1/20/2015 1:14:29 PM, img/2015/GlyphRecursion/GlyphItemPrivate.png, 438, 231, 47.3
1/20/2015 1:14:30 PM, img/2015/GlyphRecursion/GlyphItemInternal.png, 438, 231, 47.3
1/20/2015 1:14:30 PM, img/2015/GlyphRecursion/GlyphItemFriend.png, 438, 231, 47.3
1/20/2015 1:14:31 PM, img/2015/GlyphOpenFolder/TotalGlyphItems.png, 365, 238, 34.8
1/20/2015 1:14:31 PM, img/2015/GlyphOpenFolder/GlyphItemShortcut.png, 365, 238, 34.8
1/20/2015 1:14:31 PM, img/2015/GlyphOpenFolder/GlyphItemPublic.png, 365, 238, 34.8
1/20/2015 1:14:32 PM, img/2015/GlyphOpenFolder/GlyphItemProtected.png, 365, 238, 34.8
1/20/2015 1:14:32 PM, img/2015/GlyphOpenFolder/GlyphItemPrivate.png, 365, 238, 34.8
1/20/2015 1:14:33 PM, img/2015/GlyphOpenFolder/GlyphItemInternal.png, 365, 238, 34.8
1/20/2015 1:14:33 PM, img/2015/GlyphOpenFolder/GlyphItemFriend.png, 365, 238, 34.8
1/20/2015 1:14:33 PM, img/2015/GlyphMaybeReference/TotalGlyphItems.png, 353, 209, 40.8
1/20/2015 1:14:34 PM, img/2015/GlyphMaybeReference/GlyphItemShortcut.png, 353, 209, 40.8
1/20/2015 1:14:34 PM, img/2015/GlyphMaybeReference/GlyphItemPublic.png, 353, 209, 40.8
1/20/2015 1:14:35 PM, img/2015/GlyphMaybeReference/GlyphItemProtected.png, 353, 209, 40.8
1/20/2015 1:14:35 PM, img/2015/GlyphMaybeReference/GlyphItemPrivate.png, 353, 209, 40.8
1/20/2015 1:14:36 PM, img/2015/GlyphMaybeReference/GlyphItemInternal.png, 353, 209, 40.8
1/20/2015 1:14:36 PM, img/2015/GlyphMaybeReference/GlyphItemFriend.png, 353, 209, 40.8
1/20/2015 1:14:36 PM, img/2015/GlyphMaybeCaller/TotalGlyphItems.png, 385, 196, 49.1
1/20/2015 1:14:37 PM, img/2015/GlyphMaybeCaller/GlyphItemShortcut.png, 385, 196, 49.1
1/20/2015 1:14:37 PM, img/2015/GlyphMaybeCaller/GlyphItemPublic.png, 385, 196, 49.1
1/20/2015 1:14:37 PM, img/2015/GlyphMaybeCaller/GlyphItemProtected.png, 385, 196, 49.1
1/20/2015 1:14:38 PM, img/2015/GlyphMaybeCaller/GlyphItemPrivate.png, 385, 196, 49.1
1/20/2015 1:14:38 PM, img/2015/GlyphMaybeCaller/GlyphItemInternal.png, 385, 196, 49.1
1/20/2015 1:14:39 PM, img/2015/GlyphMaybeCaller/GlyphItemFriend.png, 385, 196, 49.1
1/20/2015 1:14:39 PM, img/2015/GlyphMaybeCall/TotalGlyphItems.png, 370, 197, 46.8
1/20/2015 1:14:39 PM, img/2015/GlyphMaybeCall/GlyphItemShortcut.png, 370, 197, 46.8
1/20/2015 1:14:40 PM, img/2015/GlyphMaybeCall/GlyphItemPublic.png, 370, 197, 46.8
1/20/2015 1:14:40 PM, img/2015/GlyphMaybeCall/GlyphItemProtected.png, 370, 197, 46.8
1/20/2015 1:14:41 PM, img/2015/GlyphMaybeCall/GlyphItemPrivate.png, 370, 197, 46.8
1/20/2015 1:14:41 PM, img/2015/GlyphMaybeCall/GlyphItemInternal.png, 370, 197, 46.8
1/20/2015 1:14:42 PM, img/2015/GlyphMaybeCall/GlyphItemFriend.png, 370, 197, 46.8
1/20/2015 1:14:42 PM, img/2015/GlyphLibrary/TotalGlyphItems.png, 239, 151, 36.8
1/20/2015 1:14:43 PM, img/2015/GlyphLibrary/GlyphItemShortcut.png, 239, 151, 36.8
1/20/2015 1:14:43 PM, img/2015/GlyphLibrary/GlyphItemPublic.png, 239, 151, 36.8
1/20/2015 1:14:44 PM, img/2015/GlyphLibrary/GlyphItemProtected.png, 239, 151, 36.8
1/20/2015 1:14:45 PM, img/2015/GlyphLibrary/GlyphItemPrivate.png, 239, 151, 36.8
1/20/2015 1:14:45 PM, img/2015/GlyphLibrary/GlyphItemInternal.png, 239, 151, 36.8
1/20/2015 1:14:46 PM, img/2015/GlyphLibrary/GlyphItemFriend.png, 239, 151, 36.8
1/20/2015 1:14:47 PM, img/2015/GlyphKeyword/TotalGlyphItems.png, 263, 167, 36.5
1/20/2015 1:14:47 PM, img/2015/GlyphKeyword/GlyphItemShortcut.png, 263, 167, 36.5
1/20/2015 1:14:48 PM, img/2015/GlyphKeyword/GlyphItemPublic.png, 263, 167, 36.5
1/20/2015 1:14:48 PM, img/2015/GlyphKeyword/GlyphItemProtected.png, 263, 167, 36.5
1/20/2015 1:14:49 PM, img/2015/GlyphKeyword/GlyphItemPrivate.png, 263, 167, 36.5
1/20/2015 1:14:50 PM, img/2015/GlyphKeyword/GlyphItemInternal.png, 263, 167, 36.5
1/20/2015 1:14:50 PM, img/2015/GlyphKeyword/GlyphItemFriend.png, 263, 167, 36.5
1/20/2015 1:14:51 PM, img/2015/GlyphJSharpProject/TotalGlyphItems.png, 353, 190, 46.2
1/20/2015 1:14:52 PM, img/2015/GlyphJSharpProject/GlyphItemShortcut.png, 353, 190, 46.2
1/20/2015 1:14:52 PM, img/2015/GlyphJSharpProject/GlyphItemPublic.png, 353, 190, 46.2
1/20/2015 1:14:52 PM, img/2015/GlyphJSharpProject/GlyphItemProtected.png, 353, 190, 46.2
1/20/2015 1:14:53 PM, img/2015/GlyphJSharpProject/GlyphItemPrivate.png, 353, 190, 46.2
1/20/2015 1:14:53 PM, img/2015/GlyphJSharpProject/GlyphItemInternal.png, 353, 190, 46.2
1/20/2015 1:14:54 PM, img/2015/GlyphJSharpProject/GlyphItemFriend.png, 353, 190, 46.2
1/20/2015 1:14:54 PM, img/2015/GlyphJSharpDocument/TotalGlyphItems.png, 280, 177, 36.8
1/20/2015 1:14:55 PM, img/2015/GlyphJSharpDocument/GlyphItemShortcut.png, 280, 177, 36.8
1/20/2015 1:14:55 PM, img/2015/GlyphJSharpDocument/GlyphItemPublic.png, 280, 177, 36.8
1/20/2015 1:14:55 PM, img/2015/GlyphJSharpDocument/GlyphItemProtected.png, 280, 177, 36.8
1/20/2015 1:14:56 PM, img/2015/GlyphJSharpDocument/GlyphItemPrivate.png, 280, 177, 36.8
1/20/2015 1:14:56 PM, img/2015/GlyphJSharpDocument/GlyphItemInternal.png, 280, 177, 36.8
1/20/2015 1:14:57 PM, img/2015/GlyphJSharpDocument/GlyphItemFriend.png, 280, 177, 36.8
1/20/2015 1:14:57 PM, img/2015/GlyphInformation/TotalGlyphItems.png, 385, 222, 42.3
1/20/2015 1:14:57 PM, img/2015/GlyphInformation/GlyphItemShortcut.png, 385, 222, 42.3
1/20/2015 1:14:58 PM, img/2015/GlyphInformation/GlyphItemPublic.png, 385, 222, 42.3
1/20/2015 1:14:58 PM, img/2015/GlyphInformation/GlyphItemProtected.png, 385, 222, 42.3
1/20/2015 1:14:59 PM, img/2015/GlyphInformation/GlyphItemPrivate.png, 385, 222, 42.3
1/20/2015 1:14:59 PM, img/2015/GlyphInformation/GlyphItemInternal.png, 385, 222, 42.3
1/20/2015 1:15:00 PM, img/2015/GlyphInformation/GlyphItemFriend.png, 385, 222, 42.3
1/20/2015 1:15:00 PM, img/2015/GlyphGroupVariable/TotalGlyphItems.png, 208, 129, 38
1/20/2015 1:15:01 PM, img/2015/GlyphGroupVariable/GlyphItemShortcut.png, 489, 237, 51.5
1/20/2015 1:15:01 PM, img/2015/GlyphGroupVariable/GlyphItemPublic.png, 414, 208, 49.8
1/20/2015 1:15:02 PM, img/2015/GlyphGroupVariable/GlyphItemProtected.png, 553, 267, 51.7
1/20/2015 1:15:02 PM, img/2015/GlyphGroupVariable/GlyphItemPrivate.png, 485, 237, 51.1
1/20/2015 1:15:03 PM, img/2015/GlyphGroupVariable/GlyphItemInternal.png, 541, 260, 51.9
1/20/2015 1:15:03 PM, img/2015/GlyphGroupVariable/GlyphItemFriend.png, 541, 260, 51.9
1/20/2015 1:15:03 PM, img/2015/GlyphGroupValueType/TotalGlyphItems.png, 249, 160, 35.7
1/20/2015 1:15:04 PM, img/2015/GlyphGroupValueType/GlyphItemShortcut.png, 257, 162, 37
1/20/2015 1:15:04 PM, img/2015/GlyphGroupValueType/GlyphItemPublic.png, 208, 129, 38
1/20/2015 1:15:04 PM, img/2015/GlyphGroupValueType/GlyphItemProtected.png, 341, 224, 34.3
1/20/2015 1:15:05 PM, img/2015/GlyphGroupValueType/GlyphItemPrivate.png, 263, 162, 38.4
1/20/2015 1:15:05 PM, img/2015/GlyphGroupValueType/GlyphItemInternal.png, 335, 216, 35.5
1/20/2015 1:15:06 PM, img/2015/GlyphGroupValueType/GlyphItemFriend.png, 335, 216, 35.5
1/20/2015 1:15:06 PM, img/2015/GlyphGroupUnion/TotalGlyphItems.png, 414, 208, 49.8
1/20/2015 1:15:06 PM, img/2015/GlyphGroupUnion/GlyphItemShortcut.png, 292, 167, 42.8
1/20/2015 1:15:07 PM, img/2015/GlyphGroupUnion/GlyphItemPublic.png, 259, 147, 43.2
1/20/2015 1:15:08 PM, img/2015/GlyphGroupUnion/GlyphItemProtected.png, 399, 228, 42.9
1/20/2015 1:15:08 PM, img/2015/GlyphGroupUnion/GlyphItemPrivate.png, 398, 273, 31.4
1/20/2015 1:15:09 PM, img/2015/GlyphGroupUnion/GlyphItemInternal.png, 371, 225, 39.4
1/20/2015 1:15:09 PM, img/2015/GlyphGroupUnion/GlyphItemFriend.png, 371, 225, 39.4
1/20/2015 1:15:10 PM, img/2015/GlyphGroupTypedef/TotalGlyphItems.png, 248, 161, 35.1
1/20/2015 1:15:10 PM, img/2015/GlyphGroupTypedef/GlyphItemShortcut.png, 289, 174, 39.8
1/20/2015 1:15:11 PM, img/2015/GlyphGroupTypedef/GlyphItemPublic.png, 261, 154, 41
1/20/2015 1:15:11 PM, img/2015/GlyphGroupTypedef/GlyphItemProtected.png, 398, 231, 42
1/20/2015 1:15:11 PM, img/2015/GlyphGroupTypedef/GlyphItemPrivate.png, 292, 167, 42.8
1/20/2015 1:15:12 PM, img/2015/GlyphGroupTypedef/GlyphItemInternal.png, 396, 232, 41.4
1/20/2015 1:15:12 PM, img/2015/GlyphGroupTypedef/GlyphItemFriend.png, 396, 232, 41.4
1/20/2015 1:15:12 PM, img/2015/GlyphGroupType/TotalGlyphItems.png, 259, 147, 43.2
1/20/2015 1:15:13 PM, img/2015/GlyphGroupType/GlyphItemShortcut.png, 290, 171, 41
1/20/2015 1:15:13 PM, img/2015/GlyphGroupType/GlyphItemPublic.png, 248, 161, 35.1
1/20/2015 1:15:13 PM, img/2015/GlyphGroupType/GlyphItemProtected.png, 388, 226, 41.8
1/20/2015 1:15:14 PM, img/2015/GlyphGroupType/GlyphItemPrivate.png, 293, 171, 41.6
1/20/2015 1:15:14 PM, img/2015/GlyphGroupType/GlyphItemInternal.png, 370, 234, 36.8
1/20/2015 1:15:14 PM, img/2015/GlyphGroupType/GlyphItemFriend.png, 370, 234, 36.8
1/20/2015 1:15:15 PM, img/2015/GlyphGroupTemplate/TotalGlyphItems.png, 261, 154, 41
1/20/2015 1:15:15 PM, img/2015/GlyphGroupTemplate/GlyphItemShortcut.png, 384, 232, 39.6
1/20/2015 1:15:15 PM, img/2015/GlyphGroupTemplate/GlyphItemPublic.png, 408, 225, 44.9
1/20/2015 1:15:16 PM, img/2015/GlyphGroupTemplate/GlyphItemProtected.png, 471, 258, 45.2
1/20/2015 1:15:16 PM, img/2015/GlyphGroupTemplate/GlyphItemPrivate.png, 392, 231, 41.1
1/20/2015 1:15:16 PM, img/2015/GlyphGroupTemplate/GlyphItemInternal.png, 439, 247, 43.7
1/20/2015 1:15:17 PM, img/2015/GlyphGroupTemplate/GlyphItemFriend.png, 439, 247, 43.7
1/20/2015 1:15:17 PM, img/2015/GlyphGroupStruct/TotalGlyphItems.png, 408, 225, 44.9
1/20/2015 1:15:17 PM, img/2015/GlyphGroupStruct/GlyphItemShortcut.png, 252, 160, 36.5
1/20/2015 1:15:18 PM, img/2015/GlyphGroupStruct/GlyphItemPublic.png, 202, 133, 34.2
1/20/2015 1:15:18 PM, img/2015/GlyphGroupStruct/GlyphItemProtected.png, 322, 218, 32.3
1/20/2015 1:15:18 PM, img/2015/GlyphGroupStruct/GlyphItemPrivate.png, 261, 159, 39.1
1/20/2015 1:15:23 PM, img/2015/GlyphGroupStruct/GlyphItemInternal.png, 342, 342, -7771.3
1/20/2015 1:15:24 PM, img/2015/GlyphGroupStruct/GlyphItemFriend.png, 342, 218, 36.3
1/20/2015 1:15:24 PM, img/2015/GlyphGroupProperty/TotalGlyphItems.png, 202, 133, 34.2
1/20/2015 1:15:24 PM, img/2015/GlyphGroupProperty/GlyphItemShortcut.png, 472, 253, 46.4
1/20/2015 1:15:25 PM, img/2015/GlyphGroupProperty/GlyphItemPublic.png, 318, 185, 41.8
1/20/2015 1:15:25 PM, img/2015/GlyphGroupProperty/GlyphItemProtected.png, 521, 272, 47.8
1/20/2015 1:15:26 PM, img/2015/GlyphGroupProperty/GlyphItemPrivate.png, 462, 252, 45.5
1/20/2015 1:15:26 PM, img/2015/GlyphGroupProperty/GlyphItemInternal.png, 506, 258, 49
1/20/2015 1:15:27 PM, img/2015/GlyphGroupProperty/GlyphItemFriend.png, 506, 258, 49
1/20/2015 1:15:27 PM, img/2015/GlyphGroupOverload/TotalGlyphItems.png, 185, 130, 29.7
1/20/2015 1:15:27 PM, img/2015/GlyphGroupOverload/GlyphItemShortcut.png, 535, 264, 50.7
1/20/2015 1:15:28 PM, img/2015/GlyphGroupOverload/GlyphItemPublic.png, 476, 245, 48.5
1/20/2015 1:15:28 PM, img/2015/GlyphGroupOverload/GlyphItemProtected.png, 594, 325, 45.3
1/20/2015 1:15:29 PM, img/2015/GlyphGroupOverload/GlyphItemPrivate.png, 535, 264, 50.7
1/20/2015 1:15:29 PM, img/2015/GlyphGroupOverload/GlyphItemInternal.png, 574, 312, 45.6
1/20/2015 1:15:29 PM, img/2015/GlyphGroupOverload/GlyphItemFriend.png, 574, 312, 45.6
1/20/2015 1:15:30 PM, img/2015/GlyphGroupOperator/TotalGlyphItems.png, 318, 185, 41.8
1/20/2015 1:15:30 PM, img/2015/GlyphGroupOperator/GlyphItemShortcut.png, 278, 170, 38.8
1/20/2015 1:15:31 PM, img/2015/GlyphGroupOperator/GlyphItemPublic.png, 227, 148, 34.8
1/20/2015 1:15:31 PM, img/2015/GlyphGroupOperator/GlyphItemProtected.png, 367, 225, 38.7
1/20/2015 1:15:32 PM, img/2015/GlyphGroupOperator/GlyphItemPrivate.png, 280, 169, 39.6
1/20/2015 1:15:32 PM, img/2015/GlyphGroupOperator/GlyphItemInternal.png, 345, 226, 34.5
1/20/2015 1:15:33 PM, img/2015/GlyphGroupOperator/GlyphItemFriend.png, 345, 226, 34.5
1/20/2015 1:15:33 PM, img/2015/GlyphGroupNamespace/TotalGlyphItems.png, 227, 148, 34.8
1/20/2015 1:15:33 PM, img/2015/GlyphGroupNamespace/GlyphItemShortcut.png, 463, 247, 46.7
1/20/2015 1:15:34 PM, img/2015/GlyphGroupNamespace/GlyphItemPublic.png, 407, 232, 43
1/20/2015 1:15:34 PM, img/2015/GlyphGroupNamespace/GlyphItemProtected.png, 510, 268, 47.5
1/20/2015 1:15:34 PM, img/2015/GlyphGroupNamespace/GlyphItemPrivate.png, 450, 247, 45.1
1/20/2015 1:15:35 PM, img/2015/GlyphGroupNamespace/GlyphItemInternal.png, 496, 274, 44.8
1/20/2015 1:15:35 PM, img/2015/GlyphGroupNamespace/GlyphItemFriend.png, 496, 274, 44.8
1/20/2015 1:15:36 PM, img/2015/GlyphGroupModule/TotalGlyphItems.png, 407, 232, 43
1/20/2015 1:15:36 PM, img/2015/GlyphGroupModule/GlyphItemShortcut.png, 237, 158, 33.3
1/20/2015 1:15:36 PM, img/2015/GlyphGroupModule/GlyphItemPublic.png, 185, 130, 29.7
1/20/2015 1:15:37 PM, img/2015/GlyphGroupModule/GlyphItemProtected.png, 310, 216, 30.3
1/20/2015 1:15:37 PM, img/2015/GlyphGroupModule/GlyphItemPrivate.png, 239, 158, 33.9
1/20/2015 1:15:37 PM, img/2015/GlyphGroupModule/GlyphItemInternal.png, 314, 218, 30.6
1/20/2015 1:15:38 PM, img/2015/GlyphGroupModule/GlyphItemFriend.png, 314, 218, 30.6
1/20/2015 1:15:38 PM, img/2015/GlyphGroupMethod/TotalGlyphItems.png, 476, 245, 48.5
1/20/2015 1:15:39 PM, img/2015/GlyphGroupMethod/GlyphItemShortcut.png, 535, 264, 50.7
1/20/2015 1:15:39 PM, img/2015/GlyphGroupMethod/GlyphItemPublic.png, 476, 245, 48.5
1/20/2015 1:15:40 PM, img/2015/GlyphGroupMethod/GlyphItemProtected.png, 594, 325, 45.3
1/20/2015 1:15:40 PM, img/2015/GlyphGroupMethod/GlyphItemPrivate.png, 524, 266, 49.2
1/20/2015 1:15:40 PM, img/2015/GlyphGroupMethod/GlyphItemInternal.png, 574, 312, 45.6
1/20/2015 1:15:41 PM, img/2015/GlyphGroupMethod/GlyphItemFriend.png, 574, 312, 45.6
1/20/2015 1:15:41 PM, img/2015/GlyphGroupMapItem/TotalGlyphItems.png, 476, 245, 48.5
1/20/2015 1:15:41 PM, img/2015/GlyphGroupMapItem/GlyphItemShortcut.png, 378, 212, 43.9
1/20/2015 1:15:42 PM, img/2015/GlyphGroupMapItem/GlyphItemPublic.png, 327, 201, 38.5
1/20/2015 1:15:42 PM, img/2015/GlyphGroupMapItem/GlyphItemProtected.png, 458, 248, 45.9
1/20/2015 1:15:43 PM, img/2015/GlyphGroupMapItem/GlyphItemPrivate.png, 370, 212, 42.7
1/20/2015 1:15:43 PM, img/2015/GlyphGroupMapItem/GlyphItemInternal.png, 443, 241, 45.6
1/20/2015 1:15:43 PM, img/2015/GlyphGroupMapItem/GlyphItemFriend.png, 443, 241, 45.6
1/20/2015 1:15:44 PM, img/2015/GlyphGroupMap/TotalGlyphItems.png, 327, 201, 38.5
1/20/2015 1:15:44 PM, img/2015/GlyphGroupMap/GlyphItemShortcut.png, 373, 213, 42.9
1/20/2015 1:15:45 PM, img/2015/GlyphGroupMap/GlyphItemPublic.png, 344, 184, 46.5
1/20/2015 1:15:45 PM, img/2015/GlyphGroupMap/GlyphItemProtected.png, 440, 242, 45
1/20/2015 1:15:45 PM, img/2015/GlyphGroupMap/GlyphItemPrivate.png, 380, 211, 44.5
1/20/2015 1:15:46 PM, img/2015/GlyphGroupMap/GlyphItemInternal.png, 441, 234, 46.9
1/20/2015 1:15:46 PM, img/2015/GlyphGroupMap/GlyphItemFriend.png, 441, 234, 46.9
1/20/2015 1:15:46 PM, img/2015/GlyphGroupMacro/TotalGlyphItems.png, 344, 184, 46.5
1/20/2015 1:15:47 PM, img/2015/GlyphGroupMacro/GlyphItemShortcut.png, 384, 228, 40.6
1/20/2015 1:15:47 PM, img/2015/GlyphGroupMacro/GlyphItemPublic.png, 346, 208, 39.9
1/20/2015 1:15:47 PM, img/2015/GlyphGroupMacro/GlyphItemProtected.png, 479, 273, 43
1/20/2015 1:15:48 PM, img/2015/GlyphGroupMacro/GlyphItemPrivate.png, 396, 227, 42.7
1/20/2015 1:15:48 PM, img/2015/GlyphGroupMacro/GlyphItemInternal.png, 466, 267, 42.7
1/20/2015 1:15:48 PM, img/2015/GlyphGroupMacro/GlyphItemFriend.png, 466, 267, 42.7
1/20/2015 1:15:49 PM, img/2015/GlyphGroupJSharpNamespace/TotalGlyphItems.png, 382, 216, 43.5
1/20/2015 1:15:49 PM, img/2015/GlyphGroupJSharpNamespace/GlyphItemShortcut.png, 463, 247, 46.7
1/20/2015 1:15:49 PM, img/2015/GlyphGroupJSharpNamespace/GlyphItemPublic.png, 407, 232, 43
1/20/2015 1:15:50 PM, img/2015/GlyphGroupJSharpNamespace/GlyphItemProtected.png, 510, 268, 47.5
1/20/2015 1:15:50 PM, img/2015/GlyphGroupJSharpNamespace/GlyphItemPrivate.png, 450, 247, 45.1
1/20/2015 1:15:50 PM, img/2015/GlyphGroupJSharpNamespace/GlyphItemInternal.png, 496, 274, 44.8
1/20/2015 1:15:51 PM, img/2015/GlyphGroupJSharpNamespace/GlyphItemFriend.png, 496, 274, 44.8
1/20/2015 1:15:51 PM, img/2015/GlyphGroupJSharpMethod/TotalGlyphItems.png, 414, 208, 49.8
1/20/2015 1:15:51 PM, img/2015/GlyphGroupJSharpMethod/GlyphItemShortcut.png, 535, 264, 50.7
1/20/2015 1:15:51 PM, img/2015/GlyphGroupJSharpMethod/GlyphItemPublic.png, 476, 245, 48.5
1/20/2015 1:15:52 PM, img/2015/GlyphGroupJSharpMethod/GlyphItemProtected.png, 594, 325, 45.3
1/20/2015 1:15:52 PM, img/2015/GlyphGroupJSharpMethod/GlyphItemPrivate.png, 524, 266, 49.2
1/20/2015 1:15:52 PM, img/2015/GlyphGroupJSharpMethod/GlyphItemInternal.png, 574, 312, 45.6
1/20/2015 1:15:53 PM, img/2015/GlyphGroupJSharpMethod/GlyphItemFriend.png, 574, 312, 45.6
1/20/2015 1:15:53 PM, img/2015/GlyphGroupJSharpInterface/TotalGlyphItems.png, 497, 244, 50.9
1/20/2015 1:15:53 PM, img/2015/GlyphGroupJSharpInterface/GlyphItemShortcut.png, 409, 236, 42.3
1/20/2015 1:15:54 PM, img/2015/GlyphGroupJSharpInterface/GlyphItemPublic.png, 382, 216, 43.5
1/20/2015 1:15:54 PM, img/2015/GlyphGroupJSharpInterface/GlyphItemProtected.png, 506, 280, 44.7
1/20/2015 1:15:55 PM, img/2015/GlyphGroupJSharpInterface/GlyphItemPrivate.png, 429, 239, 44.3
1/20/2015 1:15:56 PM, img/2015/GlyphGroupJSharpInterface/GlyphItemInternal.png, 499, 269, 46.1
1/20/2015 1:15:56 PM, img/2015/GlyphGroupJSharpInterface/GlyphItemFriend.png, 499, 269, 46.1
1/20/2015 1:15:56 PM, img/2015/GlyphGroupJSharpField/TotalGlyphItems.png, 376, 200, 46.8
1/20/2015 1:15:57 PM, img/2015/GlyphGroupJSharpField/GlyphItemShortcut.png, 489, 237, 51.5
1/20/2015 1:15:57 PM, img/2015/GlyphGroupJSharpField/GlyphItemPublic.png, 414, 208, 49.8
1/20/2015 1:15:57 PM, img/2015/GlyphGroupJSharpField/GlyphItemProtected.png, 553, 267, 51.7
1/20/2015 1:15:58 PM, img/2015/GlyphGroupJSharpField/GlyphItemPrivate.png, 485, 237, 51.1
1/20/2015 1:15:58 PM, img/2015/GlyphGroupJSharpField/GlyphItemInternal.png, 541, 260, 51.9
1/20/2015 1:15:58 PM, img/2015/GlyphGroupJSharpField/GlyphItemFriend.png, 541, 260, 51.9
1/20/2015 1:15:58 PM, img/2015/GlyphGroupJSharpClass/TotalGlyphItems.png, 407, 232, 43
1/20/2015 1:15:59 PM, img/2015/GlyphGroupJSharpClass/GlyphItemShortcut.png, 423, 228, 46.1
1/20/2015 1:15:59 PM, img/2015/GlyphGroupJSharpClass/GlyphItemPublic.png, 376, 200, 46.8
1/20/2015 1:15:59 PM, img/2015/GlyphGroupJSharpClass/GlyphItemProtected.png, 497, 247, 50.3
1/20/2015 1:16:00 PM, img/2015/GlyphGroupJSharpClass/GlyphItemPrivate.png, 447, 235, 47.4
1/20/2015 1:16:00 PM, img/2015/GlyphGroupJSharpClass/GlyphItemInternal.png, 494, 251, 49.2
1/20/2015 1:16:00 PM, img/2015/GlyphGroupJSharpClass/GlyphItemFriend.png, 494, 251, 49.2
1/20/2015 1:16:01 PM, img/2015/GlyphGroupIntrinsic/TotalGlyphItems.png, 476, 245, 48.5
1/20/2015 1:16:01 PM, img/2015/GlyphGroupIntrinsic/GlyphItemShortcut.png, 297, 171, 42.4
1/20/2015 1:16:01 PM, img/2015/GlyphGroupIntrinsic/GlyphItemPublic.png, 249, 160, 35.7
1/20/2015 1:16:02 PM, img/2015/GlyphGroupIntrinsic/GlyphItemProtected.png, 393, 229, 41.7
1/20/2015 1:16:02 PM, img/2015/GlyphGroupIntrinsic/GlyphItemPrivate.png, 293, 170, 42
1/20/2015 1:16:02 PM, img/2015/GlyphGroupIntrinsic/GlyphItemInternal.png, 359, 229, 36.2
1/20/2015 1:16:03 PM, img/2015/GlyphGroupIntrinsic/GlyphItemFriend.png, 359, 229, 36.2
1/20/2015 1:16:03 PM, img/2015/GlyphGroupInterface/TotalGlyphItems.png, 346, 208, 39.9
1/20/2015 1:16:03 PM, img/2015/GlyphGroupInterface/GlyphItemShortcut.png, 409, 236, 42.3
1/20/2015 1:16:04 PM, img/2015/GlyphGroupInterface/GlyphItemPublic.png, 382, 216, 43.5
1/20/2015 1:16:04 PM, img/2015/GlyphGroupInterface/GlyphItemProtected.png, 506, 280, 44.7
1/20/2015 1:16:04 PM, img/2015/GlyphGroupInterface/GlyphItemPrivate.png, 429, 239, 44.3
1/20/2015 1:16:05 PM, img/2015/GlyphGroupInterface/GlyphItemInternal.png, 499, 269, 46.1
1/20/2015 1:16:05 PM, img/2015/GlyphGroupInterface/GlyphItemFriend.png, 499, 269, 46.1
1/20/2015 1:16:05 PM, img/2015/GlyphGroupField/TotalGlyphItems.png, 382, 216, 43.5
1/20/2015 1:16:06 PM, img/2015/GlyphGroupField/GlyphItemShortcut.png, 489, 237, 51.5
1/20/2015 1:16:06 PM, img/2015/GlyphGroupField/GlyphItemPublic.png, 414, 208, 49.8
1/20/2015 1:16:06 PM, img/2015/GlyphGroupField/GlyphItemProtected.png, 553, 267, 51.7
1/20/2015 1:16:07 PM, img/2015/GlyphGroupField/GlyphItemPrivate.png, 485, 237, 51.1
1/20/2015 1:16:07 PM, img/2015/GlyphGroupField/GlyphItemInternal.png, 541, 260, 51.9
1/20/2015 1:16:07 PM, img/2015/GlyphGroupField/GlyphItemFriend.png, 541, 260, 51.9
1/20/2015 1:16:08 PM, img/2015/GlyphGroupException/TotalGlyphItems.png, 414, 208, 49.8
1/20/2015 1:16:08 PM, img/2015/GlyphGroupException/GlyphItemShortcut.png, 245, 159, 35.1
1/20/2015 1:16:08 PM, img/2015/GlyphGroupException/GlyphItemPublic.png, 209, 143, 31.6
1/20/2015 1:16:09 PM, img/2015/GlyphGroupException/GlyphItemProtected.png, 350, 220, 37.1
1/20/2015 1:16:09 PM, img/2015/GlyphGroupException/GlyphItemPrivate.png, 242, 158, 34.7
1/20/2015 1:16:09 PM, img/2015/GlyphGroupException/GlyphItemInternal.png, 321, 212, 34
1/20/2015 1:16:10 PM, img/2015/GlyphGroupException/GlyphItemFriend.png, 321, 212, 34
1/20/2015 1:16:10 PM, img/2015/GlyphGroupEvent/TotalGlyphItems.png, 209, 143, 31.6
1/20/2015 1:16:10 PM, img/2015/GlyphGroupEvent/GlyphItemShortcut.png, 434, 242, 44.2
1/20/2015 1:16:11 PM, img/2015/GlyphGroupEvent/GlyphItemPublic.png, 371, 213, 42.6
1/20/2015 1:16:11 PM, img/2015/GlyphGroupEvent/GlyphItemProtected.png, 493, 260, 47.3
1/20/2015 1:16:11 PM, img/2015/GlyphGroupEvent/GlyphItemPrivate.png, 436, 242, 44.5
1/20/2015 1:16:12 PM, img/2015/GlyphGroupEvent/GlyphItemInternal.png, 494, 249, 49.6
1/20/2015 1:16:12 PM, img/2015/GlyphGroupEvent/GlyphItemFriend.png, 494, 249, 49.6
1/20/2015 1:16:12 PM, img/2015/GlyphGroupError/TotalGlyphItems.png, 497, 244, 50.9
1/20/2015 1:16:13 PM, img/2015/GlyphGroupError/GlyphItemShortcut.png, 497, 244, 50.9
1/20/2015 1:16:13 PM, img/2015/GlyphGroupError/GlyphItemPublic.png, 497, 244, 50.9
1/20/2015 1:16:13 PM, img/2015/GlyphGroupError/GlyphItemProtected.png, 497, 244, 50.9
1/20/2015 1:16:13 PM, img/2015/GlyphGroupError/GlyphItemPrivate.png, 497, 244, 50.9
1/20/2015 1:16:14 PM, img/2015/GlyphGroupError/GlyphItemInternal.png, 497, 244, 50.9
1/20/2015 1:16:14 PM, img/2015/GlyphGroupError/GlyphItemFriend.png, 497, 244, 50.9
1/20/2015 1:16:15 PM, img/2015/GlyphGroupEnumMember/TotalGlyphItems.png, 371, 213, 42.6
1/20/2015 1:16:15 PM, img/2015/GlyphGroupEnumMember/GlyphItemShortcut.png, 363, 188, 48.2
1/20/2015 1:16:15 PM, img/2015/GlyphGroupEnumMember/GlyphItemPublic.png, 321, 168, 47.7
1/20/2015 1:16:16 PM, img/2015/GlyphGroupEnumMember/GlyphItemProtected.png, 443, 237, 46.5
1/20/2015 1:16:16 PM, img/2015/GlyphGroupEnumMember/GlyphItemPrivate.png, 374, 187, 50
1/20/2015 1:16:16 PM, img/2015/GlyphGroupEnumMember/GlyphItemInternal.png, 439, 230, 47.6
1/20/2015 1:16:17 PM, img/2015/GlyphGroupEnumMember/GlyphItemFriend.png, 439, 230, 47.6
1/20/2015 1:16:17 PM, img/2015/GlyphGroupEnum/TotalGlyphItems.png, 321, 168, 47.7
1/20/2015 1:16:17 PM, img/2015/GlyphGroupEnum/GlyphItemShortcut.png, 394, 197, 50
1/20/2015 1:16:18 PM, img/2015/GlyphGroupEnum/GlyphItemPublic.png, 340, 177, 47.9
1/20/2015 1:16:18 PM, img/2015/GlyphGroupEnum/GlyphItemProtected.png, 477, 247, 48.2
1/20/2015 1:16:18 PM, img/2015/GlyphGroupEnum/GlyphItemPrivate.png, 399, 199, 50.1
1/20/2015 1:16:19 PM, img/2015/GlyphGroupEnum/GlyphItemInternal.png, 465, 239, 48.6
1/20/2015 1:16:19 PM, img/2015/GlyphGroupEnum/GlyphItemFriend.png, 465, 239, 48.6
1/20/2015 1:16:19 PM, img/2015/GlyphGroupDelegate/TotalGlyphItems.png, 340, 177, 47.9
1/20/2015 1:16:20 PM, img/2015/GlyphGroupDelegate/GlyphItemShortcut.png, 311, 193, 37.9
1/20/2015 1:16:20 PM, img/2015/GlyphGroupDelegate/GlyphItemPublic.png, 271, 161, 40.6
1/20/2015 1:16:20 PM, img/2015/GlyphGroupDelegate/GlyphItemProtected.png, 429, 291, 32.2
1/20/2015 1:16:21 PM, img/2015/GlyphGroupDelegate/GlyphItemPrivate.png, 383, 268, 30
1/20/2015 1:16:21 PM, img/2015/GlyphGroupDelegate/GlyphItemInternal.png, 425, 317, 25.4
1/20/2015 1:16:21 PM, img/2015/GlyphGroupDelegate/GlyphItemFriend.png, 425, 317, 25.4
1/20/2015 1:16:21 PM, img/2015/GlyphGroupConstant/TotalGlyphItems.png, 271, 161, 40.6
1/20/2015 1:16:22 PM, img/2015/GlyphGroupConstant/GlyphItemShortcut.png, 308, 179, 41.9
1/20/2015 1:16:22 PM, img/2015/GlyphGroupConstant/GlyphItemPublic.png, 280, 164, 41.4
1/20/2015 1:16:22 PM, img/2015/GlyphGroupConstant/GlyphItemProtected.png, 402, 224, 44.3
1/20/2015 1:16:23 PM, img/2015/GlyphGroupConstant/GlyphItemPrivate.png, 311, 182, 41.5
1/20/2015 1:16:23 PM, img/2015/GlyphGroupConstant/GlyphItemInternal.png, 378, 223, 41
1/20/2015 1:16:23 PM, img/2015/GlyphGroupConstant/GlyphItemFriend.png, 378, 223, 41
1/20/2015 1:16:24 PM, img/2015/GlyphGroupClass/TotalGlyphItems.png, 280, 164, 41.4
1/20/2015 1:16:24 PM, img/2015/GlyphGroupClass/GlyphItemShortcut.png, 423, 228, 46.1
1/20/2015 1:16:25 PM, img/2015/GlyphGroupClass/GlyphItemPublic.png, 376, 200, 46.8
1/20/2015 1:16:25 PM, img/2015/GlyphGroupClass/GlyphItemProtected.png, 497, 247, 50.3
1/20/2015 1:16:25 PM, img/2015/GlyphGroupClass/GlyphItemPrivate.png, 447, 235, 47.4
1/20/2015 1:16:26 PM, img/2015/GlyphGroupClass/GlyphItemInternal.png, 494, 251, 49.2
1/20/2015 1:16:27 PM, img/2015/GlyphGroupClass/GlyphItemFriend.png, 494, 251, 49.2
1/20/2015 1:16:27 PM, img/2015/GlyphForwardType/TotalGlyphItems.png, 297, 158, 46.8
1/20/2015 1:16:28 PM, img/2015/GlyphForwardType/GlyphItemShortcut.png, 297, 158, 46.8
1/20/2015 1:16:28 PM, img/2015/GlyphForwardType/GlyphItemPublic.png, 297, 158, 46.8
1/20/2015 1:16:28 PM, img/2015/GlyphForwardType/GlyphItemProtected.png, 297, 158, 46.8
1/20/2015 1:16:29 PM, img/2015/GlyphForwardType/GlyphItemPrivate.png, 297, 158, 46.8
1/20/2015 1:16:29 PM, img/2015/GlyphForwardType/GlyphItemInternal.png, 297, 158, 46.8
1/20/2015 1:16:30 PM, img/2015/GlyphForwardType/GlyphItemFriend.png, 297, 158, 46.8
1/20/2015 1:16:30 PM, img/2015/GlyphExtensionMethodShortcut/TotalGlyphItems.png, 572, 290, 49.3
1/20/2015 1:16:30 PM, img/2015/GlyphExtensionMethodShortcut/GlyphItemShortcut.png, 572, 290, 49.3
1/20/2015 1:16:31 PM, img/2015/GlyphExtensionMethodShortcut/GlyphItemPublic.png, 572, 290, 49.3
1/20/2015 1:16:31 PM, img/2015/GlyphExtensionMethodShortcut/GlyphItemProtected.png, 572, 290, 49.3
1/20/2015 1:16:31 PM, img/2015/GlyphExtensionMethodShortcut/GlyphItemPrivate.png, 572, 290, 49.3
1/20/2015 1:16:32 PM, img/2015/GlyphExtensionMethodShortcut/GlyphItemInternal.png, 572, 290, 49.3
1/20/2015 1:16:32 PM, img/2015/GlyphExtensionMethodShortcut/GlyphItemFriend.png, 572, 290, 49.3
1/20/2015 1:16:33 PM, img/2015/GlyphExtensionMethodProtected/TotalGlyphItems.png, 572, 290, 49.3
1/20/2015 1:16:33 PM, img/2015/GlyphExtensionMethodProtected/GlyphItemShortcut.png, 572, 290, 49.3
1/20/2015 1:16:34 PM, img/2015/GlyphExtensionMethodProtected/GlyphItemPublic.png, 572, 290, 49.3
1/20/2015 1:16:34 PM, img/2015/GlyphExtensionMethodProtected/GlyphItemProtected.png, 572, 290, 49.3
1/20/2015 1:16:34 PM, img/2015/GlyphExtensionMethodProtected/GlyphItemPrivate.png, 572, 290, 49.3
1/20/2015 1:16:35 PM, img/2015/GlyphExtensionMethodProtected/GlyphItemInternal.png, 572, 290, 49.3
1/20/2015 1:16:35 PM, img/2015/GlyphExtensionMethodProtected/GlyphItemFriend.png, 572, 290, 49.3
1/20/2015 1:16:36 PM, img/2015/GlyphExtensionMethodPrivate/TotalGlyphItems.png, 572, 290, 49.3
1/20/2015 1:16:36 PM, img/2015/GlyphExtensionMethodPrivate/GlyphItemShortcut.png, 572, 290, 49.3
1/20/2015 1:16:36 PM, img/2015/GlyphExtensionMethodPrivate/GlyphItemPublic.png, 572, 290, 49.3
1/20/2015 1:16:36 PM, img/2015/GlyphExtensionMethodPrivate/GlyphItemProtected.png, 572, 290, 49.3
1/20/2015 1:16:37 PM, img/2015/GlyphExtensionMethodPrivate/GlyphItemPrivate.png, 572, 290, 49.3
1/20/2015 1:16:38 PM, img/2015/GlyphExtensionMethodPrivate/GlyphItemInternal.png, 572, 290, 49.3
1/20/2015 1:16:38 PM, img/2015/GlyphExtensionMethodPrivate/GlyphItemFriend.png, 572, 290, 49.3
1/20/2015 1:16:39 PM, img/2015/GlyphExtensionMethodInternal/TotalGlyphItems.png, 572, 290, 49.3
1/20/2015 1:16:40 PM, img/2015/GlyphExtensionMethodInternal/GlyphItemShortcut.png, 572, 290, 49.3
1/20/2015 1:16:40 PM, img/2015/GlyphExtensionMethodInternal/GlyphItemPublic.png, 572, 290, 49.3
1/20/2015 1:16:41 PM, img/2015/GlyphExtensionMethodInternal/GlyphItemProtected.png, 572, 290, 49.3
1/20/2015 1:16:42 PM, img/2015/GlyphExtensionMethodInternal/GlyphItemPrivate.png, 572, 290, 49.3
1/20/2015 1:16:42 PM, img/2015/GlyphExtensionMethodInternal/GlyphItemInternal.png, 572, 290, 49.3
1/20/2015 1:16:42 PM, img/2015/GlyphExtensionMethodInternal/GlyphItemFriend.png, 572, 290, 49.3
1/20/2015 1:16:43 PM, img/2015/GlyphExtensionMethodFriend/TotalGlyphItems.png, 572, 290, 49.3
1/20/2015 1:16:43 PM, img/2015/GlyphExtensionMethodFriend/GlyphItemShortcut.png, 572, 290, 49.3
1/20/2015 1:16:44 PM, img/2015/GlyphExtensionMethodFriend/GlyphItemPublic.png, 572, 290, 49.3
1/20/2015 1:16:44 PM, img/2015/GlyphExtensionMethodFriend/GlyphItemProtected.png, 572, 290, 49.3
1/20/2015 1:16:44 PM, img/2015/GlyphExtensionMethodFriend/GlyphItemPrivate.png, 572, 290, 49.3
1/20/2015 1:16:45 PM, img/2015/GlyphExtensionMethodFriend/GlyphItemInternal.png, 572, 290, 49.3
1/20/2015 1:16:45 PM, img/2015/GlyphExtensionMethodFriend/GlyphItemFriend.png, 572, 290, 49.3
1/20/2015 1:16:46 PM, img/2015/GlyphExtensionMethod/TotalGlyphItems.png, 572, 290, 49.3
1/20/2015 1:16:46 PM, img/2015/GlyphExtensionMethod/GlyphItemShortcut.png, 572, 290, 49.3
1/20/2015 1:16:47 PM, img/2015/GlyphExtensionMethod/GlyphItemPublic.png, 572, 290, 49.3
1/20/2015 1:16:47 PM, img/2015/GlyphExtensionMethod/GlyphItemProtected.png, 572, 290, 49.3
1/20/2015 1:16:48 PM, img/2015/GlyphExtensionMethod/GlyphItemPrivate.png, 572, 290, 49.3
1/20/2015 1:16:48 PM, img/2015/GlyphExtensionMethod/GlyphItemInternal.png, 572, 290, 49.3
1/20/2015 1:16:49 PM, img/2015/GlyphExtensionMethod/GlyphItemFriend.png, 572, 290, 49.3
1/20/2015 1:16:49 PM, img/2015/GlyphDialogId/TotalGlyphItems.png, 224, 132, 41.1
1/20/2015 1:16:49 PM, img/2015/GlyphDialogId/GlyphItemShortcut.png, 224, 132, 41.1
1/20/2015 1:16:50 PM, img/2015/GlyphDialogId/GlyphItemPublic.png, 224, 132, 41.1
1/20/2015 1:16:50 PM, img/2015/GlyphDialogId/GlyphItemProtected.png, 224, 132, 41.1
1/20/2015 1:16:50 PM, img/2015/GlyphDialogId/GlyphItemPrivate.png, 224, 132, 41.1
1/20/2015 1:16:51 PM, img/2015/GlyphDialogId/GlyphItemInternal.png, 224, 132, 41.1
1/20/2015 1:16:51 PM, img/2015/GlyphDialogId/GlyphItemFriend.png, 224, 132, 41.1
1/20/2015 1:16:52 PM, img/2015/GlyphCSharpFile/TotalGlyphItems.png, 390, 220, 43.6
1/20/2015 1:16:52 PM, img/2015/GlyphCSharpFile/GlyphItemShortcut.png, 390, 220, 43.6
1/20/2015 1:16:53 PM, img/2015/GlyphCSharpFile/GlyphItemPublic.png, 390, 220, 43.6
1/20/2015 1:16:53 PM, img/2015/GlyphCSharpFile/GlyphItemProtected.png, 390, 220, 43.6
1/20/2015 1:16:53 PM, img/2015/GlyphCSharpFile/GlyphItemPrivate.png, 390, 220, 43.6
1/20/2015 1:16:54 PM, img/2015/GlyphCSharpFile/GlyphItemInternal.png, 390, 220, 43.6
1/20/2015 1:16:54 PM, img/2015/GlyphCSharpFile/GlyphItemFriend.png, 390, 220, 43.6
1/20/2015 1:16:55 PM, img/2015/GlyphCSharpExpansion/TotalGlyphItems.png, 515, 276, 46.4
1/20/2015 1:16:55 PM, img/2015/GlyphCSharpExpansion/GlyphItemShortcut.png, 515, 276, 46.4
1/20/2015 1:16:55 PM, img/2015/GlyphCSharpExpansion/GlyphItemPublic.png, 515, 276, 46.4
1/20/2015 1:16:56 PM, img/2015/GlyphCSharpExpansion/GlyphItemProtected.png, 515, 276, 46.4
1/20/2015 1:16:56 PM, img/2015/GlyphCSharpExpansion/GlyphItemPrivate.png, 515, 276, 46.4
1/20/2015 1:16:56 PM, img/2015/GlyphCSharpExpansion/GlyphItemInternal.png, 515, 276, 46.4
1/20/2015 1:16:57 PM, img/2015/GlyphCSharpExpansion/GlyphItemFriend.png, 515, 276, 46.4
1/20/2015 1:16:57 PM, img/2015/GlyphCppProject/TotalGlyphItems.png, 252, 145, 42.5
1/20/2015 1:16:58 PM, img/2015/GlyphCppProject/GlyphItemShortcut.png, 252, 145, 42.5
1/20/2015 1:16:58 PM, img/2015/GlyphCppProject/GlyphItemPublic.png, 252, 145, 42.5
1/20/2015 1:16:58 PM, img/2015/GlyphCppProject/GlyphItemProtected.png, 252, 145, 42.5
1/20/2015 1:16:59 PM, img/2015/GlyphCppProject/GlyphItemPrivate.png, 252, 145, 42.5
1/20/2015 1:16:59 PM, img/2015/GlyphCppProject/GlyphItemInternal.png, 252, 145, 42.5
1/20/2015 1:17:00 PM, img/2015/GlyphCppProject/GlyphItemFriend.png, 252, 145, 42.5
1/20/2015 1:17:00 PM, img/2015/GlyphCoolProject/TotalGlyphItems.png, 303, 190, 37.3
1/20/2015 1:17:00 PM, img/2015/GlyphCoolProject/GlyphItemShortcut.png, 303, 190, 37.3
1/20/2015 1:17:01 PM, img/2015/GlyphCoolProject/GlyphItemPublic.png, 303, 190, 37.3
1/20/2015 1:17:01 PM, img/2015/GlyphCoolProject/GlyphItemProtected.png, 303, 190, 37.3
1/20/2015 1:17:02 PM, img/2015/GlyphCoolProject/GlyphItemPrivate.png, 303, 190, 37.3
1/20/2015 1:17:03 PM, img/2015/GlyphCoolProject/GlyphItemInternal.png, 303, 190, 37.3
1/20/2015 1:17:03 PM, img/2015/GlyphCoolProject/GlyphItemFriend.png, 303, 190, 37.3
1/20/2015 1:17:05 PM, img/2015/GlyphCompletionWarning/TotalGlyphItems.png, 411, 255, 38
1/20/2015 1:17:05 PM, img/2015/GlyphCompletionWarning/GlyphItemShortcut.png, 411, 255, 38
1/20/2015 1:17:06 PM, img/2015/GlyphCompletionWarning/GlyphItemPublic.png, 411, 255, 38
1/20/2015 1:17:06 PM, img/2015/GlyphCompletionWarning/GlyphItemProtected.png, 411, 255, 38
1/20/2015 1:17:07 PM, img/2015/GlyphCompletionWarning/GlyphItemPrivate.png, 411, 255, 38
1/20/2015 1:17:07 PM, img/2015/GlyphCompletionWarning/GlyphItemInternal.png, 411, 255, 38
1/20/2015 1:17:08 PM, img/2015/GlyphCompletionWarning/GlyphItemFriend.png, 411, 255, 38
1/20/2015 1:17:09 PM, img/2015/GlyphClosedFolder/TotalGlyphItems.png, 221, 166, 24.9
1/20/2015 1:17:10 PM, img/2015/GlyphClosedFolder/GlyphItemShortcut.png, 221, 166, 24.9
1/20/2015 1:17:10 PM, img/2015/GlyphClosedFolder/GlyphItemPublic.png, 221, 166, 24.9
1/20/2015 1:17:11 PM, img/2015/GlyphClosedFolder/GlyphItemProtected.png, 221, 166, 24.9
1/20/2015 1:17:11 PM, img/2015/GlyphClosedFolder/GlyphItemPrivate.png, 221, 166, 24.9
1/20/2015 1:17:11 PM, img/2015/GlyphClosedFolder/GlyphItemInternal.png, 221, 166, 24.9
1/20/2015 1:17:13 PM, img/2015/GlyphClosedFolder/GlyphItemFriend.png, 221, 166, 24.9
1/20/2015 1:17:14 PM, img/2015/GlyphCallGraph/TotalGlyphItems.png, 370, 197, 46.8
1/20/2015 1:17:14 PM, img/2015/GlyphCallGraph/GlyphItemShortcut.png, 370, 197, 46.8
1/20/2015 1:17:15 PM, img/2015/GlyphCallGraph/GlyphItemPublic.png, 370, 197, 46.8
1/20/2015 1:17:15 PM, img/2015/GlyphCallGraph/GlyphItemProtected.png, 370, 197, 46.8
1/20/2015 1:17:16 PM, img/2015/GlyphCallGraph/GlyphItemPrivate.png, 370, 197, 46.8
1/20/2015 1:17:16 PM, img/2015/GlyphCallGraph/GlyphItemInternal.png, 370, 197, 46.8
1/20/2015 1:17:16 PM, img/2015/GlyphCallGraph/GlyphItemFriend.png, 370, 197, 46.8
1/20/2015 1:17:17 PM, img/2015/GlyphCallersGraph/TotalGlyphItems.png, 385, 196, 49.1
1/20/2015 1:17:17 PM, img/2015/GlyphCallersGraph/GlyphItemShortcut.png, 385, 196, 49.1
1/20/2015 1:17:18 PM, img/2015/GlyphCallersGraph/GlyphItemPublic.png, 385, 196, 49.1
1/20/2015 1:17:18 PM, img/2015/GlyphCallersGraph/GlyphItemProtected.png, 385, 196, 49.1
1/20/2015 1:17:18 PM, img/2015/GlyphCallersGraph/GlyphItemPrivate.png, 385, 196, 49.1
1/20/2015 1:17:19 PM, img/2015/GlyphCallersGraph/GlyphItemInternal.png, 385, 196, 49.1
1/20/2015 1:17:19 PM, img/2015/GlyphCallersGraph/GlyphItemFriend.png, 385, 196, 49.1
1/20/2015 1:17:19 PM, img/2015/GlyphBscFile/TotalGlyphItems.png, 423, 237, 44
1/20/2015 1:17:20 PM, img/2015/GlyphBscFile/GlyphItemShortcut.png, 423, 237, 44
1/20/2015 1:17:20 PM, img/2015/GlyphBscFile/GlyphItemPublic.png, 423, 237, 44
1/20/2015 1:17:20 PM, img/2015/GlyphBscFile/GlyphItemProtected.png, 423, 237, 44
1/20/2015 1:17:21 PM, img/2015/GlyphBscFile/GlyphItemPrivate.png, 423, 237, 44
1/20/2015 1:17:21 PM, img/2015/GlyphBscFile/GlyphItemInternal.png, 423, 237, 44
1/20/2015 1:17:22 PM, img/2015/GlyphBscFile/GlyphItemFriend.png, 423, 237, 44
1/20/2015 1:17:22 PM, img/2015/GlyphAssembly/TotalGlyphItems.png, 215, 137, 36.3
1/20/2015 1:17:23 PM, img/2015/GlyphAssembly/GlyphItemShortcut.png, 215, 137, 36.3
1/20/2015 1:17:23 PM, img/2015/GlyphAssembly/GlyphItemPublic.png, 215, 137, 36.3
1/20/2015 1:17:23 PM, img/2015/GlyphAssembly/GlyphItemProtected.png, 215, 137, 36.3
1/20/2015 1:17:24 PM, img/2015/GlyphAssembly/GlyphItemPrivate.png, 215, 137, 36.3
1/20/2015 1:17:25 PM, img/2015/GlyphAssembly/GlyphItemInternal.png, 215, 137, 36.3
1/20/2015 1:17:25 PM, img/2015/GlyphAssembly/GlyphItemFriend.png, 215, 137, 36.3
1/20/2015 1:17:26 PM, img/2015/GlyphArrow/TotalGlyphItems.png, 297, 158, 46.8
1/20/2015 1:17:27 PM, img/2015/GlyphArrow/GlyphItemShortcut.png, 297, 158, 46.8
1/20/2015 1:17:27 PM, img/2015/GlyphArrow/GlyphItemPublic.png, 297, 158, 46.8
1/20/2015 1:17:28 PM, img/2015/GlyphArrow/GlyphItemProtected.png, 297, 158, 46.8
1/20/2015 1:17:28 PM, img/2015/GlyphArrow/GlyphItemPrivate.png, 297, 158, 46.8
1/20/2015 1:17:29 PM, img/2015/GlyphArrow/GlyphItemInternal.png, 297, 158, 46.8
1/20/2015 1:17:29 PM, img/2015/GlyphArrow/GlyphItemFriend.png, 297, 158, 46.8
1/20/2015 1:17:30 PM, img/2013/GlyphXmlNamespace/TotalGlyphItems.png, 440, 240, 45.5
1/20/2015 1:17:30 PM, img/2013/GlyphXmlNamespace/GlyphItemShortcut.png, 440, 240, 45.5
1/20/2015 1:17:31 PM, img/2013/GlyphXmlNamespace/GlyphItemPublic.png, 440, 240, 45.5
1/20/2015 1:17:31 PM, img/2013/GlyphXmlNamespace/GlyphItemProtected.png, 440, 240, 45.5
1/20/2015 1:17:31 PM, img/2013/GlyphXmlNamespace/GlyphItemPrivate.png, 440, 240, 45.5
1/20/2015 1:17:32 PM, img/2013/GlyphXmlNamespace/GlyphItemInternal.png, 440, 240, 45.5
1/20/2015 1:17:32 PM, img/2013/GlyphXmlNamespace/GlyphItemFriend.png, 440, 240, 45.5
1/20/2015 1:17:33 PM, img/2013/GlyphXmlItem/TotalGlyphItems.png, 225, 150, 33.3
1/20/2015 1:17:33 PM, img/2013/GlyphXmlItem/GlyphItemShortcut.png, 225, 150, 33.3
1/20/2015 1:17:33 PM, img/2013/GlyphXmlItem/GlyphItemPublic.png, 225, 150, 33.3
1/20/2015 1:17:34 PM, img/2013/GlyphXmlItem/GlyphItemProtected.png, 225, 150, 33.3
1/20/2015 1:17:34 PM, img/2013/GlyphXmlItem/GlyphItemPrivate.png, 225, 150, 33.3
1/20/2015 1:17:35 PM, img/2013/GlyphXmlItem/GlyphItemInternal.png, 225, 150, 33.3
1/20/2015 1:17:35 PM, img/2013/GlyphXmlItem/GlyphItemFriend.png, 225, 150, 33.3
1/20/2015 1:17:36 PM, img/2013/GlyphXmlDescendantQuestion/TotalGlyphItems.png, 537, 283, 47.3
1/20/2015 1:17:36 PM, img/2013/GlyphXmlDescendantQuestion/GlyphItemShortcut.png, 537, 283, 47.3
1/20/2015 1:17:36 PM, img/2013/GlyphXmlDescendantQuestion/GlyphItemPublic.png, 537, 283, 47.3
1/20/2015 1:17:37 PM, img/2013/GlyphXmlDescendantQuestion/GlyphItemProtected.png, 537, 283, 47.3
1/20/2015 1:17:37 PM, img/2013/GlyphXmlDescendantQuestion/GlyphItemPrivate.png, 537, 283, 47.3
1/20/2015 1:17:37 PM, img/2013/GlyphXmlDescendantQuestion/GlyphItemInternal.png, 537, 283, 47.3
1/20/2015 1:17:38 PM, img/2013/GlyphXmlDescendantQuestion/GlyphItemFriend.png, 537, 283, 47.3
1/20/2015 1:17:38 PM, img/2013/GlyphXmlDescendantCheck/TotalGlyphItems.png, 554, 272, 50.9
1/20/2015 1:17:39 PM, img/2013/GlyphXmlDescendantCheck/GlyphItemShortcut.png, 554, 272, 50.9
1/20/2015 1:17:39 PM, img/2013/GlyphXmlDescendantCheck/GlyphItemPublic.png, 554, 272, 50.9
1/20/2015 1:17:39 PM, img/2013/GlyphXmlDescendantCheck/GlyphItemProtected.png, 554, 272, 50.9
1/20/2015 1:17:40 PM, img/2013/GlyphXmlDescendantCheck/GlyphItemPrivate.png, 554, 272, 50.9
1/20/2015 1:17:40 PM, img/2013/GlyphXmlDescendantCheck/GlyphItemInternal.png, 554, 272, 50.9
1/20/2015 1:17:40 PM, img/2013/GlyphXmlDescendantCheck/GlyphItemFriend.png, 554, 272, 50.9
1/20/2015 1:17:41 PM, img/2013/GlyphXmlDescendant/TotalGlyphItems.png, 316, 179, 43.4
1/20/2015 1:17:41 PM, img/2013/GlyphXmlDescendant/GlyphItemShortcut.png, 316, 179, 43.4
1/20/2015 1:17:41 PM, img/2013/GlyphXmlDescendant/GlyphItemPublic.png, 316, 179, 43.4
1/20/2015 1:17:42 PM, img/2013/GlyphXmlDescendant/GlyphItemProtected.png, 316, 179, 43.4
1/20/2015 1:17:42 PM, img/2013/GlyphXmlDescendant/GlyphItemPrivate.png, 316, 179, 43.4
1/20/2015 1:17:42 PM, img/2013/GlyphXmlDescendant/GlyphItemInternal.png, 316, 179, 43.4
1/20/2015 1:17:43 PM, img/2013/GlyphXmlDescendant/GlyphItemFriend.png, 316, 179, 43.4
1/20/2015 1:17:43 PM, img/2013/GlyphXmlChildQuestion/TotalGlyphItems.png, 545, 265, 51.4
1/20/2015 1:17:44 PM, img/2013/GlyphXmlChildQuestion/GlyphItemShortcut.png, 545, 265, 51.4
1/20/2015 1:17:44 PM, img/2013/GlyphXmlChildQuestion/GlyphItemPublic.png, 545, 265, 51.4
1/20/2015 1:17:44 PM, img/2013/GlyphXmlChildQuestion/GlyphItemProtected.png, 545, 265, 51.4
1/20/2015 1:17:45 PM, img/2013/GlyphXmlChildQuestion/GlyphItemPrivate.png, 545, 265, 51.4
1/20/2015 1:17:45 PM, img/2013/GlyphXmlChildQuestion/GlyphItemInternal.png, 545, 265, 51.4
1/20/2015 1:17:45 PM, img/2013/GlyphXmlChildQuestion/GlyphItemFriend.png, 545, 265, 51.4
1/20/2015 1:17:46 PM, img/2013/GlyphXmlChildCheck/TotalGlyphItems.png, 560, 285, 49.1
1/20/2015 1:17:46 PM, img/2013/GlyphXmlChildCheck/GlyphItemShortcut.png, 560, 285, 49.1
1/20/2015 1:17:46 PM, img/2013/GlyphXmlChildCheck/GlyphItemPublic.png, 560, 285, 49.1
1/20/2015 1:17:47 PM, img/2013/GlyphXmlChildCheck/GlyphItemProtected.png, 560, 285, 49.1
1/20/2015 1:17:47 PM, img/2013/GlyphXmlChildCheck/GlyphItemPrivate.png, 560, 285, 49.1
1/20/2015 1:17:47 PM, img/2013/GlyphXmlChildCheck/GlyphItemInternal.png, 560, 285, 49.1
1/20/2015 1:17:48 PM, img/2013/GlyphXmlChildCheck/GlyphItemFriend.png, 560, 285, 49.1
1/20/2015 1:17:48 PM, img/2013/GlyphXmlChild/TotalGlyphItems.png, 410, 212, 48.3
1/20/2015 1:17:48 PM, img/2013/GlyphXmlChild/GlyphItemShortcut.png, 410, 212, 48.3
1/20/2015 1:17:49 PM, img/2013/GlyphXmlChild/GlyphItemPublic.png, 410, 212, 48.3
1/20/2015 1:17:49 PM, img/2013/GlyphXmlChild/GlyphItemProtected.png, 410, 212, 48.3
1/20/2015 1:17:49 PM, img/2013/GlyphXmlChild/GlyphItemPrivate.png, 410, 212, 48.3
1/20/2015 1:17:50 PM, img/2013/GlyphXmlChild/GlyphItemInternal.png, 410, 212, 48.3
1/20/2015 1:17:50 PM, img/2013/GlyphXmlChild/GlyphItemFriend.png, 410, 212, 48.3
1/20/2015 1:17:50 PM, img/2013/GlyphXmlAttributeQuestion/TotalGlyphItems.png, 658, 349, 47
1/20/2015 1:17:51 PM, img/2013/GlyphXmlAttributeQuestion/GlyphItemShortcut.png, 658, 349, 47
1/20/2015 1:17:51 PM, img/2013/GlyphXmlAttributeQuestion/GlyphItemPublic.png, 658, 349, 47
1/20/2015 1:17:52 PM, img/2013/GlyphXmlAttributeQuestion/GlyphItemProtected.png, 658, 349, 47
1/20/2015 1:17:52 PM, img/2013/GlyphXmlAttributeQuestion/GlyphItemPrivate.png, 658, 349, 47
1/20/2015 1:17:52 PM, img/2013/GlyphXmlAttributeQuestion/GlyphItemInternal.png, 658, 349, 47
1/20/2015 1:17:53 PM, img/2013/GlyphXmlAttributeQuestion/GlyphItemFriend.png, 658, 349, 47
1/20/2015 1:17:54 PM, img/2013/GlyphXmlAttributeCheck/TotalGlyphItems.png, 667, 386, 42.1
1/20/2015 1:17:54 PM, img/2013/GlyphXmlAttributeCheck/GlyphItemShortcut.png, 667, 386, 42.1
1/20/2015 1:17:54 PM, img/2013/GlyphXmlAttributeCheck/GlyphItemPublic.png, 667, 386, 42.1
1/20/2015 1:17:55 PM, img/2013/GlyphXmlAttributeCheck/GlyphItemProtected.png, 667, 386, 42.1
1/20/2015 1:17:55 PM, img/2013/GlyphXmlAttributeCheck/GlyphItemPrivate.png, 667, 386, 42.1
1/20/2015 1:17:55 PM, img/2013/GlyphXmlAttributeCheck/GlyphItemInternal.png, 667, 386, 42.1
1/20/2015 1:17:56 PM, img/2013/GlyphXmlAttributeCheck/GlyphItemFriend.png, 667, 386, 42.1
1/20/2015 1:17:56 PM, img/2013/GlyphXmlAttribute/TotalGlyphItems.png, 654, 356, 45.6
1/20/2015 1:17:56 PM, img/2013/GlyphXmlAttribute/GlyphItemShortcut.png, 654, 356, 45.6
1/20/2015 1:17:57 PM, img/2013/GlyphXmlAttribute/GlyphItemPublic.png, 654, 356, 45.6
1/20/2015 1:17:57 PM, img/2013/GlyphXmlAttribute/GlyphItemProtected.png, 654, 356, 45.6
1/20/2015 1:17:57 PM, img/2013/GlyphXmlAttribute/GlyphItemPrivate.png, 654, 356, 45.6
1/20/2015 1:17:58 PM, img/2013/GlyphXmlAttribute/GlyphItemInternal.png, 654, 356, 45.6
1/20/2015 1:17:58 PM, img/2013/GlyphXmlAttribute/GlyphItemFriend.png, 654, 356, 45.6
1/20/2015 1:17:58 PM, img/2013/GlyphWarning/TotalGlyphItems.png, 337, 205, 39.2
1/20/2015 1:17:59 PM, img/2013/GlyphWarning/GlyphItemShortcut.png, 337, 205, 39.2
1/20/2015 1:17:59 PM, img/2013/GlyphWarning/GlyphItemPublic.png, 337, 205, 39.2
1/20/2015 1:18:00 PM, img/2013/GlyphWarning/GlyphItemProtected.png, 337, 205, 39.2
1/20/2015 1:18:00 PM, img/2013/GlyphWarning/GlyphItemPrivate.png, 337, 205, 39.2
1/20/2015 1:18:00 PM, img/2013/GlyphWarning/GlyphItemInternal.png, 337, 205, 39.2
1/20/2015 1:18:01 PM, img/2013/GlyphWarning/GlyphItemFriend.png, 337, 205, 39.2
1/20/2015 1:18:01 PM, img/2013/GlyphVBProject/TotalGlyphItems.png, 353, 225, 36.3
1/20/2015 1:18:02 PM, img/2013/GlyphVBProject/GlyphItemShortcut.png, 353, 225, 36.3
1/20/2015 1:18:02 PM, img/2013/GlyphVBProject/GlyphItemPublic.png, 353, 225, 36.3
1/20/2015 1:18:02 PM, img/2013/GlyphVBProject/GlyphItemProtected.png, 353, 225, 36.3
1/20/2015 1:18:03 PM, img/2013/GlyphVBProject/GlyphItemPrivate.png, 353, 225, 36.3
1/20/2015 1:18:03 PM, img/2013/GlyphVBProject/GlyphItemInternal.png, 353, 225, 36.3
1/20/2015 1:18:03 PM, img/2013/GlyphVBProject/GlyphItemFriend.png, 353, 225, 36.3
1/20/2015 1:18:04 PM, img/2013/GlyphReference/TotalGlyphItems.png, 361, 206, 42.9
1/20/2015 1:18:04 PM, img/2013/GlyphReference/GlyphItemShortcut.png, 361, 206, 42.9
1/20/2015 1:18:04 PM, img/2013/GlyphReference/GlyphItemPublic.png, 361, 206, 42.9
1/20/2015 1:18:05 PM, img/2013/GlyphReference/GlyphItemProtected.png, 361, 206, 42.9
1/20/2015 1:18:05 PM, img/2013/GlyphReference/GlyphItemPrivate.png, 361, 206, 42.9
1/20/2015 1:18:06 PM, img/2013/GlyphReference/GlyphItemInternal.png, 361, 206, 42.9
1/20/2015 1:18:06 PM, img/2013/GlyphReference/GlyphItemFriend.png, 361, 206, 42.9
1/20/2015 1:18:06 PM, img/2013/GlyphRecursion/TotalGlyphItems.png, 438, 231, 47.3
1/20/2015 1:18:07 PM, img/2013/GlyphRecursion/GlyphItemShortcut.png, 438, 231, 47.3
1/20/2015 1:18:07 PM, img/2013/GlyphRecursion/GlyphItemPublic.png, 438, 231, 47.3
1/20/2015 1:18:08 PM, img/2013/GlyphRecursion/GlyphItemProtected.png, 438, 231, 47.3
1/20/2015 1:18:08 PM, img/2013/GlyphRecursion/GlyphItemPrivate.png, 438, 231, 47.3
1/20/2015 1:18:09 PM, img/2013/GlyphRecursion/GlyphItemInternal.png, 438, 231, 47.3
1/20/2015 1:18:09 PM, img/2013/GlyphRecursion/GlyphItemFriend.png, 438, 231, 47.3
1/20/2015 1:18:09 PM, img/2013/GlyphOpenFolder/TotalGlyphItems.png, 365, 238, 34.8
1/20/2015 1:18:10 PM, img/2013/GlyphOpenFolder/GlyphItemShortcut.png, 365, 238, 34.8
1/20/2015 1:18:10 PM, img/2013/GlyphOpenFolder/GlyphItemPublic.png, 365, 238, 34.8
1/20/2015 1:18:10 PM, img/2013/GlyphOpenFolder/GlyphItemProtected.png, 365, 238, 34.8
1/20/2015 1:18:11 PM, img/2013/GlyphOpenFolder/GlyphItemPrivate.png, 365, 238, 34.8
1/20/2015 1:18:11 PM, img/2013/GlyphOpenFolder/GlyphItemInternal.png, 365, 238, 34.8
1/20/2015 1:18:11 PM, img/2013/GlyphOpenFolder/GlyphItemFriend.png, 365, 238, 34.8
1/20/2015 1:18:12 PM, img/2013/GlyphMaybeReference/TotalGlyphItems.png, 353, 209, 40.8
1/20/2015 1:18:12 PM, img/2013/GlyphMaybeReference/GlyphItemShortcut.png, 353, 209, 40.8
1/20/2015 1:18:12 PM, img/2013/GlyphMaybeReference/GlyphItemPublic.png, 353, 209, 40.8
1/20/2015 1:18:13 PM, img/2013/GlyphMaybeReference/GlyphItemProtected.png, 353, 209, 40.8
1/20/2015 1:18:13 PM, img/2013/GlyphMaybeReference/GlyphItemPrivate.png, 353, 209, 40.8
1/20/2015 1:18:13 PM, img/2013/GlyphMaybeReference/GlyphItemInternal.png, 353, 209, 40.8
1/20/2015 1:18:14 PM, img/2013/GlyphMaybeReference/GlyphItemFriend.png, 353, 209, 40.8
1/20/2015 1:18:14 PM, img/2013/GlyphMaybeCaller/TotalGlyphItems.png, 385, 196, 49.1
1/20/2015 1:18:15 PM, img/2013/GlyphMaybeCaller/GlyphItemShortcut.png, 385, 196, 49.1
1/20/2015 1:18:15 PM, img/2013/GlyphMaybeCaller/GlyphItemPublic.png, 385, 196, 49.1
1/20/2015 1:18:15 PM, img/2013/GlyphMaybeCaller/GlyphItemProtected.png, 385, 196, 49.1
1/20/2015 1:18:16 PM, img/2013/GlyphMaybeCaller/GlyphItemPrivate.png, 385, 196, 49.1
1/20/2015 1:18:16 PM, img/2013/GlyphMaybeCaller/GlyphItemInternal.png, 385, 196, 49.1
1/20/2015 1:18:16 PM, img/2013/GlyphMaybeCaller/GlyphItemFriend.png, 385, 196, 49.1
1/20/2015 1:18:17 PM, img/2013/GlyphMaybeCall/TotalGlyphItems.png, 370, 197, 46.8
1/20/2015 1:18:17 PM, img/2013/GlyphMaybeCall/GlyphItemShortcut.png, 370, 197, 46.8
1/20/2015 1:18:17 PM, img/2013/GlyphMaybeCall/GlyphItemPublic.png, 370, 197, 46.8
1/20/2015 1:18:18 PM, img/2013/GlyphMaybeCall/GlyphItemProtected.png, 370, 197, 46.8
1/20/2015 1:18:18 PM, img/2013/GlyphMaybeCall/GlyphItemPrivate.png, 370, 197, 46.8
1/20/2015 1:18:18 PM, img/2013/GlyphMaybeCall/GlyphItemInternal.png, 370, 197, 46.8
1/20/2015 1:18:19 PM, img/2013/GlyphMaybeCall/GlyphItemFriend.png, 370, 197, 46.8
1/20/2015 1:18:19 PM, img/2013/GlyphLibrary/TotalGlyphItems.png, 239, 151, 36.8
1/20/2015 1:18:19 PM, img/2013/GlyphLibrary/GlyphItemShortcut.png, 239, 151, 36.8
1/20/2015 1:18:20 PM, img/2013/GlyphLibrary/GlyphItemPublic.png, 239, 151, 36.8
1/20/2015 1:18:21 PM, img/2013/GlyphLibrary/GlyphItemProtected.png, 239, 151, 36.8
1/20/2015 1:18:21 PM, img/2013/GlyphLibrary/GlyphItemPrivate.png, 239, 151, 36.8
1/20/2015 1:18:21 PM, img/2013/GlyphLibrary/GlyphItemInternal.png, 239, 151, 36.8
1/20/2015 1:18:22 PM, img/2013/GlyphLibrary/GlyphItemFriend.png, 239, 151, 36.8
1/20/2015 1:18:22 PM, img/2013/GlyphKeyword/TotalGlyphItems.png, 263, 167, 36.5
1/20/2015 1:18:22 PM, img/2013/GlyphKeyword/GlyphItemShortcut.png, 263, 167, 36.5
1/20/2015 1:18:23 PM, img/2013/GlyphKeyword/GlyphItemPublic.png, 263, 167, 36.5
1/20/2015 1:18:23 PM, img/2013/GlyphKeyword/GlyphItemProtected.png, 263, 167, 36.5
1/20/2015 1:18:23 PM, img/2013/GlyphKeyword/GlyphItemPrivate.png, 263, 167, 36.5
1/20/2015 1:18:24 PM, img/2013/GlyphKeyword/GlyphItemInternal.png, 263, 167, 36.5
1/20/2015 1:18:24 PM, img/2013/GlyphKeyword/GlyphItemFriend.png, 263, 167, 36.5
1/20/2015 1:18:24 PM, img/2013/GlyphJSharpProject/TotalGlyphItems.png, 353, 190, 46.2
1/20/2015 1:18:25 PM, img/2013/GlyphJSharpProject/GlyphItemShortcut.png, 353, 190, 46.2
1/20/2015 1:18:25 PM, img/2013/GlyphJSharpProject/GlyphItemPublic.png, 353, 190, 46.2
1/20/2015 1:18:26 PM, img/2013/GlyphJSharpProject/GlyphItemProtected.png, 353, 190, 46.2
1/20/2015 1:18:26 PM, img/2013/GlyphJSharpProject/GlyphItemPrivate.png, 353, 190, 46.2
1/20/2015 1:18:26 PM, img/2013/GlyphJSharpProject/GlyphItemInternal.png, 353, 190, 46.2
1/20/2015 1:18:27 PM, img/2013/GlyphJSharpProject/GlyphItemFriend.png, 353, 190, 46.2
1/20/2015 1:18:27 PM, img/2013/GlyphJSharpDocument/TotalGlyphItems.png, 280, 177, 36.8
1/20/2015 1:18:27 PM, img/2013/GlyphJSharpDocument/GlyphItemShortcut.png, 280, 177, 36.8
1/20/2015 1:18:28 PM, img/2013/GlyphJSharpDocument/GlyphItemPublic.png, 280, 177, 36.8
1/20/2015 1:18:28 PM, img/2013/GlyphJSharpDocument/GlyphItemProtected.png, 280, 177, 36.8
1/20/2015 1:18:28 PM, img/2013/GlyphJSharpDocument/GlyphItemPrivate.png, 280, 177, 36.8
1/20/2015 1:18:29 PM, img/2013/GlyphJSharpDocument/GlyphItemInternal.png, 280, 177, 36.8
1/20/2015 1:18:30 PM, img/2013/GlyphJSharpDocument/GlyphItemFriend.png, 280, 177, 36.8
1/20/2015 1:18:30 PM, img/2013/GlyphInformation/TotalGlyphItems.png, 385, 222, 42.3
1/20/2015 1:18:30 PM, img/2013/GlyphInformation/GlyphItemShortcut.png, 385, 222, 42.3
1/20/2015 1:18:31 PM, img/2013/GlyphInformation/GlyphItemPublic.png, 385, 222, 42.3
1/20/2015 1:18:31 PM, img/2013/GlyphInformation/GlyphItemProtected.png, 385, 222, 42.3
1/20/2015 1:18:31 PM, img/2013/GlyphInformation/GlyphItemPrivate.png, 385, 222, 42.3
1/20/2015 1:18:32 PM, img/2013/GlyphInformation/GlyphItemInternal.png, 385, 222, 42.3
1/20/2015 1:18:32 PM, img/2013/GlyphInformation/GlyphItemFriend.png, 385, 222, 42.3
1/20/2015 1:18:32 PM, img/2013/GlyphGroupVariable/TotalGlyphItems.png, 208, 129, 38
1/20/2015 1:18:33 PM, img/2013/GlyphGroupVariable/GlyphItemShortcut.png, 489, 237, 51.5
1/20/2015 1:18:33 PM, img/2013/GlyphGroupVariable/GlyphItemPublic.png, 414, 208, 49.8
1/20/2015 1:18:34 PM, img/2013/GlyphGroupVariable/GlyphItemProtected.png, 553, 267, 51.7
1/20/2015 1:18:34 PM, img/2013/GlyphGroupVariable/GlyphItemPrivate.png, 485, 237, 51.1
1/20/2015 1:18:34 PM, img/2013/GlyphGroupVariable/GlyphItemInternal.png, 541, 260, 51.9
1/20/2015 1:18:35 PM, img/2013/GlyphGroupVariable/GlyphItemFriend.png, 541, 260, 51.9
1/20/2015 1:18:35 PM, img/2013/GlyphGroupValueType/TotalGlyphItems.png, 249, 160, 35.7
1/20/2015 1:18:35 PM, img/2013/GlyphGroupValueType/GlyphItemShortcut.png, 257, 162, 37
1/20/2015 1:18:36 PM, img/2013/GlyphGroupValueType/GlyphItemPublic.png, 208, 129, 38
1/20/2015 1:18:36 PM, img/2013/GlyphGroupValueType/GlyphItemProtected.png, 341, 224, 34.3
1/20/2015 1:18:36 PM, img/2013/GlyphGroupValueType/GlyphItemPrivate.png, 263, 162, 38.4
1/20/2015 1:18:37 PM, img/2013/GlyphGroupValueType/GlyphItemInternal.png, 335, 216, 35.5
1/20/2015 1:18:37 PM, img/2013/GlyphGroupValueType/GlyphItemFriend.png, 335, 216, 35.5
1/20/2015 1:18:37 PM, img/2013/GlyphGroupUnion/TotalGlyphItems.png, 414, 208, 49.8
1/20/2015 1:18:38 PM, img/2013/GlyphGroupUnion/GlyphItemShortcut.png, 292, 167, 42.8
1/20/2015 1:18:38 PM, img/2013/GlyphGroupUnion/GlyphItemPublic.png, 259, 147, 43.2
1/20/2015 1:18:38 PM, img/2013/GlyphGroupUnion/GlyphItemProtected.png, 395, 230, 41.8
1/20/2015 1:18:39 PM, img/2013/GlyphGroupUnion/GlyphItemPrivate.png, 293, 168, 42.7
1/20/2015 1:18:39 PM, img/2013/GlyphGroupUnion/GlyphItemInternal.png, 371, 225, 39.4
1/20/2015 1:18:39 PM, img/2013/GlyphGroupUnion/GlyphItemFriend.png, 371, 225, 39.4
1/20/2015 1:18:40 PM, img/2013/GlyphGroupTypedef/TotalGlyphItems.png, 248, 161, 35.1
1/20/2015 1:18:40 PM, img/2013/GlyphGroupTypedef/GlyphItemShortcut.png, 289, 174, 39.8
1/20/2015 1:18:40 PM, img/2013/GlyphGroupTypedef/GlyphItemPublic.png, 261, 154, 41
1/20/2015 1:18:41 PM, img/2013/GlyphGroupTypedef/GlyphItemProtected.png, 398, 231, 42
1/20/2015 1:18:41 PM, img/2013/GlyphGroupTypedef/GlyphItemPrivate.png, 292, 167, 42.8
1/20/2015 1:18:41 PM, img/2013/GlyphGroupTypedef/GlyphItemInternal.png, 396, 232, 41.4
1/20/2015 1:18:42 PM, img/2013/GlyphGroupTypedef/GlyphItemFriend.png, 396, 232, 41.4
1/20/2015 1:18:42 PM, img/2013/GlyphGroupType/TotalGlyphItems.png, 259, 147, 43.2
1/20/2015 1:18:42 PM, img/2013/GlyphGroupType/GlyphItemShortcut.png, 290, 171, 41
1/20/2015 1:18:43 PM, img/2013/GlyphGroupType/GlyphItemPublic.png, 248, 161, 35.1
1/20/2015 1:18:43 PM, img/2013/GlyphGroupType/GlyphItemProtected.png, 388, 226, 41.8
1/20/2015 1:18:44 PM, img/2013/GlyphGroupType/GlyphItemPrivate.png, 293, 171, 41.6
1/20/2015 1:18:44 PM, img/2013/GlyphGroupType/GlyphItemInternal.png, 370, 234, 36.8
1/20/2015 1:18:44 PM, img/2013/GlyphGroupType/GlyphItemFriend.png, 370, 234, 36.8
1/20/2015 1:18:45 PM, img/2013/GlyphGroupTemplate/TotalGlyphItems.png, 261, 154, 41
1/20/2015 1:18:45 PM, img/2013/GlyphGroupTemplate/GlyphItemShortcut.png, 384, 232, 39.6
1/20/2015 1:18:45 PM, img/2013/GlyphGroupTemplate/GlyphItemPublic.png, 408, 225, 44.9
1/20/2015 1:18:46 PM, img/2013/GlyphGroupTemplate/GlyphItemProtected.png, 471, 258, 45.2
1/20/2015 1:18:46 PM, img/2013/GlyphGroupTemplate/GlyphItemPrivate.png, 392, 231, 41.1
1/20/2015 1:18:46 PM, img/2013/GlyphGroupTemplate/GlyphItemInternal.png, 439, 247, 43.7
1/20/2015 1:18:46 PM, img/2013/GlyphGroupTemplate/GlyphItemFriend.png, 439, 247, 43.7
1/20/2015 1:18:47 PM, img/2013/GlyphGroupStruct/TotalGlyphItems.png, 408, 225, 44.9
1/20/2015 1:18:47 PM, img/2013/GlyphGroupStruct/GlyphItemShortcut.png, 252, 160, 36.5
1/20/2015 1:18:48 PM, img/2013/GlyphGroupStruct/GlyphItemPublic.png, 202, 133, 34.2
1/20/2015 1:18:48 PM, img/2013/GlyphGroupStruct/GlyphItemProtected.png, 322, 218, 32.3
1/20/2015 1:18:48 PM, img/2013/GlyphGroupStruct/GlyphItemPrivate.png, 261, 159, 39.1
1/20/2015 1:18:49 PM, img/2013/GlyphGroupStruct/GlyphItemInternal.png, 342, 218, 36.3
1/20/2015 1:18:49 PM, img/2013/GlyphGroupStruct/GlyphItemFriend.png, 342, 218, 36.3
1/20/2015 1:18:49 PM, img/2013/GlyphGroupProperty/TotalGlyphItems.png, 202, 133, 34.2
1/20/2015 1:18:50 PM, img/2013/GlyphGroupProperty/GlyphItemShortcut.png, 472, 253, 46.4
1/20/2015 1:18:51 PM, img/2013/GlyphGroupProperty/GlyphItemPublic.png, 467, 260, 44.3
1/20/2015 1:18:51 PM, img/2013/GlyphGroupProperty/GlyphItemProtected.png, 521, 272, 47.8
1/20/2015 1:18:51 PM, img/2013/GlyphGroupProperty/GlyphItemPrivate.png, 462, 252, 45.5
1/20/2015 1:18:52 PM, img/2013/GlyphGroupProperty/GlyphItemInternal.png, 506, 258, 49
1/20/2015 1:18:52 PM, img/2013/GlyphGroupProperty/GlyphItemFriend.png, 506, 258, 49
1/20/2015 1:18:53 PM, img/2013/GlyphGroupOverload/TotalGlyphItems.png, 185, 130, 29.7
1/20/2015 1:18:53 PM, img/2013/GlyphGroupOverload/GlyphItemShortcut.png, 535, 264, 50.7
1/20/2015 1:18:54 PM, img/2013/GlyphGroupOverload/GlyphItemPublic.png, 476, 245, 48.5
1/20/2015 1:18:54 PM, img/2013/GlyphGroupOverload/GlyphItemProtected.png, 594, 325, 45.3
1/20/2015 1:18:55 PM, img/2013/GlyphGroupOverload/GlyphItemPrivate.png, 535, 264, 50.7
1/20/2015 1:18:55 PM, img/2013/GlyphGroupOverload/GlyphItemInternal.png, 574, 312, 45.6
1/20/2015 1:18:56 PM, img/2013/GlyphGroupOverload/GlyphItemFriend.png, 574, 312, 45.6
1/20/2015 1:18:57 PM, img/2013/GlyphGroupOperator/TotalGlyphItems.png, 467, 260, 44.3
1/20/2015 1:18:57 PM, img/2013/GlyphGroupOperator/GlyphItemShortcut.png, 278, 170, 38.8
1/20/2015 1:18:57 PM, img/2013/GlyphGroupOperator/GlyphItemPublic.png, 227, 148, 34.8
1/20/2015 1:18:58 PM, img/2013/GlyphGroupOperator/GlyphItemProtected.png, 367, 225, 38.7
1/20/2015 1:18:58 PM, img/2013/GlyphGroupOperator/GlyphItemPrivate.png, 280, 169, 39.6
1/20/2015 1:18:59 PM, img/2013/GlyphGroupOperator/GlyphItemInternal.png, 345, 226, 34.5
1/20/2015 1:18:59 PM, img/2013/GlyphGroupOperator/GlyphItemFriend.png, 345, 226, 34.5
1/20/2015 1:19:00 PM, img/2013/GlyphGroupNamespace/TotalGlyphItems.png, 227, 148, 34.8
1/20/2015 1:19:00 PM, img/2013/GlyphGroupNamespace/GlyphItemShortcut.png, 463, 247, 46.7
1/20/2015 1:19:01 PM, img/2013/GlyphGroupNamespace/GlyphItemPublic.png, 407, 232, 43
1/20/2015 1:19:01 PM, img/2013/GlyphGroupNamespace/GlyphItemProtected.png, 510, 268, 47.5
1/20/2015 1:19:01 PM, img/2013/GlyphGroupNamespace/GlyphItemPrivate.png, 450, 247, 45.1
1/20/2015 1:19:02 PM, img/2013/GlyphGroupNamespace/GlyphItemInternal.png, 496, 274, 44.8
1/20/2015 1:19:02 PM, img/2013/GlyphGroupNamespace/GlyphItemFriend.png, 496, 274, 44.8
1/20/2015 1:19:03 PM, img/2013/GlyphGroupModule/TotalGlyphItems.png, 407, 232, 43
1/20/2015 1:19:03 PM, img/2013/GlyphGroupModule/GlyphItemShortcut.png, 237, 158, 33.3
1/20/2015 1:19:03 PM, img/2013/GlyphGroupModule/GlyphItemPublic.png, 185, 130, 29.7
1/20/2015 1:19:04 PM, img/2013/GlyphGroupModule/GlyphItemProtected.png, 310, 216, 30.3
1/20/2015 1:19:04 PM, img/2013/GlyphGroupModule/GlyphItemPrivate.png, 239, 158, 33.9
1/20/2015 1:19:05 PM, img/2013/GlyphGroupModule/GlyphItemInternal.png, 314, 218, 30.6
1/20/2015 1:19:06 PM, img/2013/GlyphGroupModule/GlyphItemFriend.png, 314, 218, 30.6
1/20/2015 1:19:06 PM, img/2013/GlyphGroupMethod/TotalGlyphItems.png, 476, 245, 48.5
1/20/2015 1:19:07 PM, img/2013/GlyphGroupMethod/GlyphItemShortcut.png, 535, 264, 50.7
1/20/2015 1:19:07 PM, img/2013/GlyphGroupMethod/GlyphItemPublic.png, 476, 245, 48.5
1/20/2015 1:19:07 PM, img/2013/GlyphGroupMethod/GlyphItemProtected.png, 594, 325, 45.3
1/20/2015 1:19:08 PM, img/2013/GlyphGroupMethod/GlyphItemPrivate.png, 524, 266, 49.2
1/20/2015 1:19:08 PM, img/2013/GlyphGroupMethod/GlyphItemInternal.png, 574, 312, 45.6
1/20/2015 1:19:09 PM, img/2013/GlyphGroupMethod/GlyphItemFriend.png, 574, 312, 45.6
1/20/2015 1:19:09 PM, img/2013/GlyphGroupMapItem/TotalGlyphItems.png, 476, 245, 48.5
1/20/2015 1:19:10 PM, img/2013/GlyphGroupMapItem/GlyphItemShortcut.png, 378, 212, 43.9
1/20/2015 1:19:10 PM, img/2013/GlyphGroupMapItem/GlyphItemPublic.png, 327, 201, 38.5
1/20/2015 1:19:11 PM, img/2013/GlyphGroupMapItem/GlyphItemProtected.png, 458, 248, 45.9
1/20/2015 1:19:11 PM, img/2013/GlyphGroupMapItem/GlyphItemPrivate.png, 370, 212, 42.7
1/20/2015 1:19:12 PM, img/2013/GlyphGroupMapItem/GlyphItemInternal.png, 443, 241, 45.6
1/20/2015 1:19:12 PM, img/2013/GlyphGroupMapItem/GlyphItemFriend.png, 443, 241, 45.6
1/20/2015 1:19:13 PM, img/2013/GlyphGroupMap/TotalGlyphItems.png, 327, 201, 38.5
1/20/2015 1:19:13 PM, img/2013/GlyphGroupMap/GlyphItemShortcut.png, 373, 213, 42.9
1/20/2015 1:19:13 PM, img/2013/GlyphGroupMap/GlyphItemPublic.png, 344, 184, 46.5
1/20/2015 1:19:14 PM, img/2013/GlyphGroupMap/GlyphItemProtected.png, 440, 242, 45
1/20/2015 1:19:14 PM, img/2013/GlyphGroupMap/GlyphItemPrivate.png, 380, 211, 44.5
1/20/2015 1:19:15 PM, img/2013/GlyphGroupMap/GlyphItemInternal.png, 441, 234, 46.9
1/20/2015 1:19:16 PM, img/2013/GlyphGroupMap/GlyphItemFriend.png, 441, 234, 46.9
1/20/2015 1:19:16 PM, img/2013/GlyphGroupMacro/TotalGlyphItems.png, 344, 184, 46.5
1/20/2015 1:19:17 PM, img/2013/GlyphGroupMacro/GlyphItemShortcut.png, 384, 228, 40.6
1/20/2015 1:19:17 PM, img/2013/GlyphGroupMacro/GlyphItemPublic.png, 346, 208, 39.9
1/20/2015 1:19:18 PM, img/2013/GlyphGroupMacro/GlyphItemProtected.png, 479, 273, 43
1/20/2015 1:19:18 PM, img/2013/GlyphGroupMacro/GlyphItemPrivate.png, 396, 227, 42.7
1/20/2015 1:19:19 PM, img/2013/GlyphGroupMacro/GlyphItemInternal.png, 466, 267, 42.7
1/20/2015 1:19:20 PM, img/2013/GlyphGroupMacro/GlyphItemFriend.png, 466, 267, 42.7
1/20/2015 1:19:20 PM, img/2013/GlyphGroupJSharpNamespace/TotalGlyphItems.png, 382, 216, 43.5
1/20/2015 1:19:21 PM, img/2013/GlyphGroupJSharpNamespace/GlyphItemShortcut.png, 463, 247, 46.7
1/20/2015 1:19:22 PM, img/2013/GlyphGroupJSharpNamespace/GlyphItemPublic.png, 407, 232, 43
1/20/2015 1:19:22 PM, img/2013/GlyphGroupJSharpNamespace/GlyphItemProtected.png, 510, 268, 47.5
1/20/2015 1:19:23 PM, img/2013/GlyphGroupJSharpNamespace/GlyphItemPrivate.png, 450, 247, 45.1
1/20/2015 1:19:23 PM, img/2013/GlyphGroupJSharpNamespace/GlyphItemInternal.png, 496, 274, 44.8
1/20/2015 1:19:24 PM, img/2013/GlyphGroupJSharpNamespace/GlyphItemFriend.png, 496, 274, 44.8
1/20/2015 1:19:24 PM, img/2013/GlyphGroupJSharpMethod/TotalGlyphItems.png, 414, 208, 49.8
1/20/2015 1:19:25 PM, img/2013/GlyphGroupJSharpMethod/GlyphItemShortcut.png, 535, 264, 50.7
1/20/2015 1:19:26 PM, img/2013/GlyphGroupJSharpMethod/GlyphItemPublic.png, 476, 245, 48.5
1/20/2015 1:19:26 PM, img/2013/GlyphGroupJSharpMethod/GlyphItemProtected.png, 594, 325, 45.3
1/20/2015 1:19:27 PM, img/2013/GlyphGroupJSharpMethod/GlyphItemPrivate.png, 524, 266, 49.2
1/20/2015 1:19:27 PM, img/2013/GlyphGroupJSharpMethod/GlyphItemInternal.png, 574, 312, 45.6
1/20/2015 1:19:27 PM, img/2013/GlyphGroupJSharpMethod/GlyphItemFriend.png, 574, 312, 45.6
1/20/2015 1:19:28 PM, img/2013/GlyphGroupJSharpInterface/TotalGlyphItems.png, 497, 244, 50.9
1/20/2015 1:19:28 PM, img/2013/GlyphGroupJSharpInterface/GlyphItemShortcut.png, 409, 236, 42.3
1/20/2015 1:19:29 PM, img/2013/GlyphGroupJSharpInterface/GlyphItemPublic.png, 382, 216, 43.5
1/20/2015 1:19:29 PM, img/2013/GlyphGroupJSharpInterface/GlyphItemProtected.png, 506, 280, 44.7
1/20/2015 1:19:30 PM, img/2013/GlyphGroupJSharpInterface/GlyphItemPrivate.png, 429, 239, 44.3
1/20/2015 1:19:30 PM, img/2013/GlyphGroupJSharpInterface/GlyphItemInternal.png, 499, 269, 46.1
1/20/2015 1:19:31 PM, img/2013/GlyphGroupJSharpInterface/GlyphItemFriend.png, 499, 269, 46.1
1/20/2015 1:19:31 PM, img/2013/GlyphGroupJSharpField/TotalGlyphItems.png, 376, 200, 46.8
1/20/2015 1:19:31 PM, img/2013/GlyphGroupJSharpField/GlyphItemShortcut.png, 489, 237, 51.5
1/20/2015 1:19:32 PM, img/2013/GlyphGroupJSharpField/GlyphItemPublic.png, 414, 208, 49.8
1/20/2015 1:19:32 PM, img/2013/GlyphGroupJSharpField/GlyphItemProtected.png, 553, 267, 51.7
1/20/2015 1:19:33 PM, img/2013/GlyphGroupJSharpField/GlyphItemPrivate.png, 485, 237, 51.1
1/20/2015 1:19:33 PM, img/2013/GlyphGroupJSharpField/GlyphItemInternal.png, 541, 260, 51.9
1/20/2015 1:19:33 PM, img/2013/GlyphGroupJSharpField/GlyphItemFriend.png, 541, 260, 51.9
1/20/2015 1:19:34 PM, img/2013/GlyphGroupJSharpClass/TotalGlyphItems.png, 407, 232, 43
1/20/2015 1:19:34 PM, img/2013/GlyphGroupJSharpClass/GlyphItemShortcut.png, 439, 229, 47.8
1/20/2015 1:19:35 PM, img/2013/GlyphGroupJSharpClass/GlyphItemPublic.png, 376, 200, 46.8
1/20/2015 1:19:35 PM, img/2013/GlyphGroupJSharpClass/GlyphItemProtected.png, 509, 252, 50.5
1/20/2015 1:19:35 PM, img/2013/GlyphGroupJSharpClass/GlyphItemPrivate.png, 434, 226, 47.9
1/20/2015 1:19:36 PM, img/2013/GlyphGroupJSharpClass/GlyphItemInternal.png, 494, 251, 49.2
1/20/2015 1:19:36 PM, img/2013/GlyphGroupJSharpClass/GlyphItemFriend.png, 494, 251, 49.2
1/20/2015 1:19:37 PM, img/2013/GlyphGroupIntrinsic/TotalGlyphItems.png, 476, 245, 48.5
1/20/2015 1:19:37 PM, img/2013/GlyphGroupIntrinsic/GlyphItemShortcut.png, 297, 171, 42.4
1/20/2015 1:19:37 PM, img/2013/GlyphGroupIntrinsic/GlyphItemPublic.png, 249, 160, 35.7
1/20/2015 1:19:38 PM, img/2013/GlyphGroupIntrinsic/GlyphItemProtected.png, 393, 229, 41.7
1/20/2015 1:19:38 PM, img/2013/GlyphGroupIntrinsic/GlyphItemPrivate.png, 293, 170, 42
1/20/2015 1:19:39 PM, img/2013/GlyphGroupIntrinsic/GlyphItemInternal.png, 359, 229, 36.2
1/20/2015 1:19:39 PM, img/2013/GlyphGroupIntrinsic/GlyphItemFriend.png, 359, 229, 36.2
1/20/2015 1:19:39 PM, img/2013/GlyphGroupInterface/TotalGlyphItems.png, 346, 208, 39.9
1/20/2015 1:19:40 PM, img/2013/GlyphGroupInterface/GlyphItemShortcut.png, 409, 236, 42.3
1/20/2015 1:19:41 PM, img/2013/GlyphGroupInterface/GlyphItemPublic.png, 382, 216, 43.5
1/20/2015 1:19:41 PM, img/2013/GlyphGroupInterface/GlyphItemProtected.png, 506, 280, 44.7
1/20/2015 1:19:42 PM, img/2013/GlyphGroupInterface/GlyphItemPrivate.png, 429, 239, 44.3
1/20/2015 1:19:42 PM, img/2013/GlyphGroupInterface/GlyphItemInternal.png, 499, 269, 46.1
1/20/2015 1:19:43 PM, img/2013/GlyphGroupInterface/GlyphItemFriend.png, 499, 269, 46.1
1/20/2015 1:19:43 PM, img/2013/GlyphGroupField/TotalGlyphItems.png, 382, 216, 43.5
1/20/2015 1:19:43 PM, img/2013/GlyphGroupField/GlyphItemShortcut.png, 489, 237, 51.5
1/20/2015 1:19:44 PM, img/2013/GlyphGroupField/GlyphItemPublic.png, 414, 208, 49.8
1/20/2015 1:19:44 PM, img/2013/GlyphGroupField/GlyphItemProtected.png, 553, 267, 51.7
1/20/2015 1:19:44 PM, img/2013/GlyphGroupField/GlyphItemPrivate.png, 485, 237, 51.1
1/20/2015 1:19:45 PM, img/2013/GlyphGroupField/GlyphItemInternal.png, 541, 260, 51.9
1/20/2015 1:19:46 PM, img/2013/GlyphGroupField/GlyphItemFriend.png, 541, 260, 51.9
1/20/2015 1:19:46 PM, img/2013/GlyphGroupException/TotalGlyphItems.png, 414, 208, 49.8
1/20/2015 1:19:46 PM, img/2013/GlyphGroupException/GlyphItemShortcut.png, 245, 159, 35.1
1/20/2015 1:19:47 PM, img/2013/GlyphGroupException/GlyphItemPublic.png, 209, 143, 31.6
1/20/2015 1:19:48 PM, img/2013/GlyphGroupException/GlyphItemProtected.png, 350, 220, 37.1
1/20/2015 1:19:48 PM, img/2013/GlyphGroupException/GlyphItemPrivate.png, 242, 158, 34.7
1/20/2015 1:19:49 PM, img/2013/GlyphGroupException/GlyphItemInternal.png, 321, 212, 34
1/20/2015 1:19:49 PM, img/2013/GlyphGroupException/GlyphItemFriend.png, 321, 212, 34
1/20/2015 1:19:49 PM, img/2013/GlyphGroupEvent/TotalGlyphItems.png, 209, 143, 31.6
1/20/2015 1:19:50 PM, img/2013/GlyphGroupEvent/GlyphItemShortcut.png, 434, 242, 44.2
1/20/2015 1:19:50 PM, img/2013/GlyphGroupEvent/GlyphItemPublic.png, 371, 213, 42.6
1/20/2015 1:19:50 PM, img/2013/GlyphGroupEvent/GlyphItemProtected.png, 493, 260, 47.3
1/20/2015 1:19:51 PM, img/2013/GlyphGroupEvent/GlyphItemPrivate.png, 436, 242, 44.5
1/20/2015 1:19:51 PM, img/2013/GlyphGroupEvent/GlyphItemInternal.png, 494, 249, 49.6
1/20/2015 1:19:51 PM, img/2013/GlyphGroupEvent/GlyphItemFriend.png, 494, 249, 49.6
1/20/2015 1:19:52 PM, img/2013/GlyphGroupError/TotalGlyphItems.png, 497, 244, 50.9
1/20/2015 1:19:52 PM, img/2013/GlyphGroupError/GlyphItemShortcut.png, 497, 244, 50.9
1/20/2015 1:19:53 PM, img/2013/GlyphGroupError/GlyphItemPublic.png, 497, 244, 50.9
1/20/2015 1:19:53 PM, img/2013/GlyphGroupError/GlyphItemProtected.png, 497, 244, 50.9
1/20/2015 1:19:53 PM, img/2013/GlyphGroupError/GlyphItemPrivate.png, 497, 244, 50.9
1/20/2015 1:19:54 PM, img/2013/GlyphGroupError/GlyphItemInternal.png, 497, 244, 50.9
1/20/2015 1:19:54 PM, img/2013/GlyphGroupError/GlyphItemFriend.png, 497, 244, 50.9
1/20/2015 1:19:55 PM, img/2013/GlyphGroupEnumMember/TotalGlyphItems.png, 371, 213, 42.6
1/20/2015 1:19:55 PM, img/2013/GlyphGroupEnumMember/GlyphItemShortcut.png, 363, 188, 48.2
1/20/2015 1:19:55 PM, img/2013/GlyphGroupEnumMember/GlyphItemPublic.png, 321, 168, 47.7
1/20/2015 1:19:56 PM, img/2013/GlyphGroupEnumMember/GlyphItemProtected.png, 443, 237, 46.5
1/20/2015 1:19:56 PM, img/2013/GlyphGroupEnumMember/GlyphItemPrivate.png, 374, 187, 50
1/20/2015 1:19:56 PM, img/2013/GlyphGroupEnumMember/GlyphItemInternal.png, 439, 230, 47.6
1/20/2015 1:19:57 PM, img/2013/GlyphGroupEnumMember/GlyphItemFriend.png, 439, 230, 47.6
1/20/2015 1:19:57 PM, img/2013/GlyphGroupEnum/TotalGlyphItems.png, 321, 168, 47.7
1/20/2015 1:19:58 PM, img/2013/GlyphGroupEnum/GlyphItemShortcut.png, 394, 197, 50
1/20/2015 1:19:58 PM, img/2013/GlyphGroupEnum/GlyphItemPublic.png, 340, 177, 47.9
1/20/2015 1:19:58 PM, img/2013/GlyphGroupEnum/GlyphItemProtected.png, 477, 247, 48.2
1/20/2015 1:19:59 PM, img/2013/GlyphGroupEnum/GlyphItemPrivate.png, 399, 199, 50.1
1/20/2015 1:19:59 PM, img/2013/GlyphGroupEnum/GlyphItemInternal.png, 465, 239, 48.6
1/20/2015 1:19:59 PM, img/2013/GlyphGroupEnum/GlyphItemFriend.png, 465, 239, 48.6
1/20/2015 1:20:00 PM, img/2013/GlyphGroupDelegate/TotalGlyphItems.png, 340, 177, 47.9
1/20/2015 1:20:00 PM, img/2013/GlyphGroupDelegate/GlyphItemShortcut.png, 330, 191, 42.1
1/20/2015 1:20:01 PM, img/2013/GlyphGroupDelegate/GlyphItemPublic.png, 279, 169, 39.4
1/20/2015 1:20:01 PM, img/2013/GlyphGroupDelegate/GlyphItemProtected.png, 414, 246, 40.6
1/20/2015 1:20:02 PM, img/2013/GlyphGroupDelegate/GlyphItemPrivate.png, 335, 189, 43.6
1/20/2015 1:20:02 PM, img/2013/GlyphGroupDelegate/GlyphItemInternal.png, 402, 235, 41.5
1/20/2015 1:20:02 PM, img/2013/GlyphGroupDelegate/GlyphItemFriend.png, 402, 235, 41.5
1/20/2015 1:20:03 PM, img/2013/GlyphGroupConstant/TotalGlyphItems.png, 279, 169, 39.4
1/20/2015 1:20:03 PM, img/2013/GlyphGroupConstant/GlyphItemShortcut.png, 308, 179, 41.9
1/20/2015 1:20:03 PM, img/2013/GlyphGroupConstant/GlyphItemPublic.png, 280, 164, 41.4
1/20/2015 1:20:04 PM, img/2013/GlyphGroupConstant/GlyphItemProtected.png, 402, 224, 44.3
1/20/2015 1:20:04 PM, img/2013/GlyphGroupConstant/GlyphItemPrivate.png, 305, 179, 41.3
1/20/2015 1:20:05 PM, img/2013/GlyphGroupConstant/GlyphItemInternal.png, 402, 235, 41.5
1/20/2015 1:20:05 PM, img/2013/GlyphGroupConstant/GlyphItemFriend.png, 378, 223, 41
1/20/2015 1:20:05 PM, img/2013/GlyphGroupClass/TotalGlyphItems.png, 280, 164, 41.4
1/20/2015 1:20:06 PM, img/2013/GlyphGroupClass/GlyphItemShortcut.png, 439, 229, 47.8
1/20/2015 1:20:07 PM, img/2013/GlyphGroupClass/GlyphItemPublic.png, 376, 200, 46.8
1/20/2015 1:20:07 PM, img/2013/GlyphGroupClass/GlyphItemProtected.png, 509, 252, 50.5
1/20/2015 1:20:07 PM, img/2013/GlyphGroupClass/GlyphItemPrivate.png, 434, 226, 47.9
1/20/2015 1:20:08 PM, img/2013/GlyphGroupClass/GlyphItemInternal.png, 494, 251, 49.2
1/20/2015 1:20:08 PM, img/2013/GlyphGroupClass/GlyphItemFriend.png, 494, 251, 49.2
1/20/2015 1:20:09 PM, img/2013/GlyphForwardType/TotalGlyphItems.png, 297, 158, 46.8
1/20/2015 1:20:09 PM, img/2013/GlyphForwardType/GlyphItemShortcut.png, 297, 158, 46.8
1/20/2015 1:20:09 PM, img/2013/GlyphForwardType/GlyphItemPublic.png, 297, 158, 46.8
1/20/2015 1:20:10 PM, img/2013/GlyphForwardType/GlyphItemProtected.png, 297, 158, 46.8
1/20/2015 1:20:10 PM, img/2013/GlyphForwardType/GlyphItemPrivate.png, 297, 158, 46.8
1/20/2015 1:20:11 PM, img/2013/GlyphForwardType/GlyphItemInternal.png, 297, 158, 46.8
1/20/2015 1:20:12 PM, img/2013/GlyphForwardType/GlyphItemFriend.png, 297, 158, 46.8
1/20/2015 1:20:12 PM, img/2013/GlyphExtensionMethodShortcut/TotalGlyphItems.png, 572, 290, 49.3
1/20/2015 1:20:12 PM, img/2013/GlyphExtensionMethodShortcut/GlyphItemShortcut.png, 572, 290, 49.3
1/20/2015 1:20:13 PM, img/2013/GlyphExtensionMethodShortcut/GlyphItemPublic.png, 572, 290, 49.3
1/20/2015 1:20:13 PM, img/2013/GlyphExtensionMethodShortcut/GlyphItemProtected.png, 572, 290, 49.3
1/20/2015 1:20:13 PM, img/2013/GlyphExtensionMethodShortcut/GlyphItemPrivate.png, 572, 290, 49.3
1/20/2015 1:20:14 PM, img/2013/GlyphExtensionMethodShortcut/GlyphItemInternal.png, 572, 290, 49.3
1/20/2015 1:20:14 PM, img/2013/GlyphExtensionMethodShortcut/GlyphItemFriend.png, 572, 290, 49.3
1/20/2015 1:20:15 PM, img/2013/GlyphExtensionMethodProtected/TotalGlyphItems.png, 572, 290, 49.3
1/20/2015 1:20:15 PM, img/2013/GlyphExtensionMethodProtected/GlyphItemShortcut.png, 572, 290, 49.3
1/20/2015 1:20:16 PM, img/2013/GlyphExtensionMethodProtected/GlyphItemPublic.png, 572, 290, 49.3
1/20/2015 1:20:16 PM, img/2013/GlyphExtensionMethodProtected/GlyphItemProtected.png, 572, 290, 49.3
1/20/2015 1:20:16 PM, img/2013/GlyphExtensionMethodProtected/GlyphItemPrivate.png, 572, 290, 49.3
1/20/2015 1:20:17 PM, img/2013/GlyphExtensionMethodProtected/GlyphItemInternal.png, 572, 290, 49.3
1/20/2015 1:20:17 PM, img/2013/GlyphExtensionMethodProtected/GlyphItemFriend.png, 572, 290, 49.3
1/20/2015 1:20:17 PM, img/2013/GlyphExtensionMethodPrivate/TotalGlyphItems.png, 572, 290, 49.3
1/20/2015 1:20:18 PM, img/2013/GlyphExtensionMethodPrivate/GlyphItemShortcut.png, 572, 290, 49.3
1/20/2015 1:20:18 PM, img/2013/GlyphExtensionMethodPrivate/GlyphItemPublic.png, 572, 290, 49.3
1/20/2015 1:20:19 PM, img/2013/GlyphExtensionMethodPrivate/GlyphItemProtected.png, 572, 290, 49.3
1/20/2015 1:20:19 PM, img/2013/GlyphExtensionMethodPrivate/GlyphItemPrivate.png, 572, 290, 49.3
1/20/2015 1:20:19 PM, img/2013/GlyphExtensionMethodPrivate/GlyphItemInternal.png, 572, 290, 49.3
1/20/2015 1:20:20 PM, img/2013/GlyphExtensionMethodPrivate/GlyphItemFriend.png, 572, 290, 49.3
1/20/2015 1:20:20 PM, img/2013/GlyphExtensionMethodInternal/TotalGlyphItems.png, 572, 290, 49.3
1/20/2015 1:20:20 PM, img/2013/GlyphExtensionMethodInternal/GlyphItemShortcut.png, 572, 290, 49.3
1/20/2015 1:20:21 PM, img/2013/GlyphExtensionMethodInternal/GlyphItemPublic.png, 572, 290, 49.3
1/20/2015 1:20:21 PM, img/2013/GlyphExtensionMethodInternal/GlyphItemProtected.png, 572, 290, 49.3
1/20/2015 1:20:21 PM, img/2013/GlyphExtensionMethodInternal/GlyphItemPrivate.png, 572, 290, 49.3
1/20/2015 1:20:22 PM, img/2013/GlyphExtensionMethodInternal/GlyphItemInternal.png, 572, 290, 49.3
1/20/2015 1:20:22 PM, img/2013/GlyphExtensionMethodInternal/GlyphItemFriend.png, 572, 290, 49.3
1/20/2015 1:20:22 PM, img/2013/GlyphExtensionMethodFriend/TotalGlyphItems.png, 572, 290, 49.3
1/20/2015 1:20:23 PM, img/2013/GlyphExtensionMethodFriend/GlyphItemShortcut.png, 572, 290, 49.3
1/20/2015 1:20:23 PM, img/2013/GlyphExtensionMethodFriend/GlyphItemPublic.png, 572, 290, 49.3
1/20/2015 1:20:23 PM, img/2013/GlyphExtensionMethodFriend/GlyphItemProtected.png, 572, 290, 49.3
1/20/2015 1:20:24 PM, img/2013/GlyphExtensionMethodFriend/GlyphItemPrivate.png, 572, 290, 49.3
1/20/2015 1:20:24 PM, img/2013/GlyphExtensionMethodFriend/GlyphItemInternal.png, 572, 290, 49.3
1/20/2015 1:20:25 PM, img/2013/GlyphExtensionMethodFriend/GlyphItemFriend.png, 572, 290, 49.3
1/20/2015 1:20:25 PM, img/2013/GlyphExtensionMethod/TotalGlyphItems.png, 572, 290, 49.3
1/20/2015 1:20:25 PM, img/2013/GlyphExtensionMethod/GlyphItemShortcut.png, 572, 290, 49.3
1/20/2015 1:20:26 PM, img/2013/GlyphExtensionMethod/GlyphItemPublic.png, 572, 290, 49.3
1/20/2015 1:20:26 PM, img/2013/GlyphExtensionMethod/GlyphItemProtected.png, 572, 290, 49.3
1/20/2015 1:20:26 PM, img/2013/GlyphExtensionMethod/GlyphItemPrivate.png, 572, 290, 49.3
1/20/2015 1:20:27 PM, img/2013/GlyphExtensionMethod/GlyphItemInternal.png, 572, 290, 49.3
1/20/2015 1:20:27 PM, img/2013/GlyphExtensionMethod/GlyphItemFriend.png, 572, 290, 49.3
1/20/2015 1:20:27 PM, img/2013/GlyphDialogId/TotalGlyphItems.png, 238, 151, 36.6
1/20/2015 1:20:28 PM, img/2013/GlyphDialogId/GlyphItemShortcut.png, 238, 151, 36.6
1/20/2015 1:20:28 PM, img/2013/GlyphDialogId/GlyphItemPublic.png, 238, 151, 36.6
1/20/2015 1:20:29 PM, img/2013/GlyphDialogId/GlyphItemProtected.png, 238, 151, 36.6
1/20/2015 1:20:29 PM, img/2013/GlyphDialogId/GlyphItemPrivate.png, 238, 151, 36.6
1/20/2015 1:20:30 PM, img/2013/GlyphDialogId/GlyphItemInternal.png, 238, 151, 36.6
1/20/2015 1:20:30 PM, img/2013/GlyphDialogId/GlyphItemFriend.png, 238, 151, 36.6
1/20/2015 1:20:31 PM, img/2013/GlyphCSharpFile/TotalGlyphItems.png, 390, 220, 43.6
1/20/2015 1:20:31 PM, img/2013/GlyphCSharpFile/GlyphItemShortcut.png, 390, 220, 43.6
1/20/2015 1:20:31 PM, img/2013/GlyphCSharpFile/GlyphItemPublic.png, 390, 220, 43.6
1/20/2015 1:20:32 PM, img/2013/GlyphCSharpFile/GlyphItemProtected.png, 390, 220, 43.6
1/20/2015 1:20:32 PM, img/2013/GlyphCSharpFile/GlyphItemPrivate.png, 390, 220, 43.6
1/20/2015 1:20:32 PM, img/2013/GlyphCSharpFile/GlyphItemInternal.png, 390, 220, 43.6
1/20/2015 1:20:33 PM, img/2013/GlyphCSharpFile/GlyphItemFriend.png, 390, 220, 43.6
1/20/2015 1:20:33 PM, img/2013/GlyphCSharpExpansion/TotalGlyphItems.png, 514, 277, 46.1
1/20/2015 1:20:33 PM, img/2013/GlyphCSharpExpansion/GlyphItemShortcut.png, 514, 277, 46.1
1/20/2015 1:20:34 PM, img/2013/GlyphCSharpExpansion/GlyphItemPublic.png, 514, 277, 46.1
1/20/2015 1:20:34 PM, img/2013/GlyphCSharpExpansion/GlyphItemProtected.png, 514, 277, 46.1
1/20/2015 1:20:34 PM, img/2013/GlyphCSharpExpansion/GlyphItemPrivate.png, 514, 277, 46.1
1/20/2015 1:20:35 PM, img/2013/GlyphCSharpExpansion/GlyphItemInternal.png, 514, 277, 46.1
1/20/2015 1:20:35 PM, img/2013/GlyphCSharpExpansion/GlyphItemFriend.png, 514, 277, 46.1
1/20/2015 1:20:35 PM, img/2013/GlyphCppProject/TotalGlyphItems.png, 252, 145, 42.5
1/20/2015 1:20:36 PM, img/2013/GlyphCppProject/GlyphItemShortcut.png, 252, 145, 42.5
1/20/2015 1:20:36 PM, img/2013/GlyphCppProject/GlyphItemPublic.png, 252, 145, 42.5
1/20/2015 1:20:37 PM, img/2013/GlyphCppProject/GlyphItemProtected.png, 252, 145, 42.5
1/20/2015 1:20:37 PM, img/2013/GlyphCppProject/GlyphItemPrivate.png, 252, 145, 42.5
1/20/2015 1:20:38 PM, img/2013/GlyphCppProject/GlyphItemInternal.png, 252, 145, 42.5
1/20/2015 1:20:38 PM, img/2013/GlyphCppProject/GlyphItemFriend.png, 252, 145, 42.5
1/20/2015 1:20:38 PM, img/2013/GlyphCoolProject/TotalGlyphItems.png, 303, 190, 37.3
1/20/2015 1:20:39 PM, img/2013/GlyphCoolProject/GlyphItemShortcut.png, 303, 190, 37.3
1/20/2015 1:20:39 PM, img/2013/GlyphCoolProject/GlyphItemPublic.png, 303, 190, 37.3
1/20/2015 1:20:39 PM, img/2013/GlyphCoolProject/GlyphItemProtected.png, 303, 190, 37.3
1/20/2015 1:20:40 PM, img/2013/GlyphCoolProject/GlyphItemPrivate.png, 303, 190, 37.3
1/20/2015 1:20:40 PM, img/2013/GlyphCoolProject/GlyphItemInternal.png, 303, 190, 37.3
1/20/2015 1:20:41 PM, img/2013/GlyphCoolProject/GlyphItemFriend.png, 303, 190, 37.3
1/20/2015 1:20:41 PM, img/2013/GlyphCompletionWarning/TotalGlyphItems.png, 411, 255, 38
1/20/2015 1:20:41 PM, img/2013/GlyphCompletionWarning/GlyphItemShortcut.png, 411, 255, 38
1/20/2015 1:20:42 PM, img/2013/GlyphCompletionWarning/GlyphItemPublic.png, 411, 255, 38
1/20/2015 1:20:42 PM, img/2013/GlyphCompletionWarning/GlyphItemProtected.png, 411, 255, 38
1/20/2015 1:20:42 PM, img/2013/GlyphCompletionWarning/GlyphItemPrivate.png, 411, 255, 38
1/20/2015 1:20:43 PM, img/2013/GlyphCompletionWarning/GlyphItemInternal.png, 411, 255, 38
1/20/2015 1:20:43 PM, img/2013/GlyphCompletionWarning/GlyphItemFriend.png, 411, 255, 38
1/20/2015 1:20:43 PM, img/2013/GlyphClosedFolder/TotalGlyphItems.png, 221, 166, 24.9
1/20/2015 1:20:44 PM, img/2013/GlyphClosedFolder/GlyphItemShortcut.png, 221, 166, 24.9
1/20/2015 1:20:44 PM, img/2013/GlyphClosedFolder/GlyphItemPublic.png, 221, 166, 24.9
1/20/2015 1:20:45 PM, img/2013/GlyphClosedFolder/GlyphItemProtected.png, 221, 166, 24.9
1/20/2015 1:20:45 PM, img/2013/GlyphClosedFolder/GlyphItemPrivate.png, 221, 166, 24.9
1/20/2015 1:20:45 PM, img/2013/GlyphClosedFolder/GlyphItemInternal.png, 221, 166, 24.9
1/20/2015 1:20:46 PM, img/2013/GlyphClosedFolder/GlyphItemFriend.png, 221, 166, 24.9
1/20/2015 1:20:46 PM, img/2013/GlyphCallGraph/TotalGlyphItems.png, 370, 197, 46.8
1/20/2015 1:20:46 PM, img/2013/GlyphCallGraph/GlyphItemShortcut.png, 370, 197, 46.8
1/20/2015 1:20:47 PM, img/2013/GlyphCallGraph/GlyphItemPublic.png, 370, 197, 46.8
1/20/2015 1:20:47 PM, img/2013/GlyphCallGraph/GlyphItemProtected.png, 370, 197, 46.8
1/20/2015 1:20:47 PM, img/2013/GlyphCallGraph/GlyphItemPrivate.png, 370, 197, 46.8
1/20/2015 1:20:48 PM, img/2013/GlyphCallGraph/GlyphItemInternal.png, 370, 197, 46.8
1/20/2015 1:20:48 PM, img/2013/GlyphCallGraph/GlyphItemFriend.png, 370, 197, 46.8
1/20/2015 1:20:48 PM, img/2013/GlyphCallersGraph/TotalGlyphItems.png, 385, 196, 49.1
1/20/2015 1:20:49 PM, img/2013/GlyphCallersGraph/GlyphItemShortcut.png, 385, 196, 49.1
1/20/2015 1:20:49 PM, img/2013/GlyphCallersGraph/GlyphItemPublic.png, 385, 196, 49.1
1/20/2015 1:20:49 PM, img/2013/GlyphCallersGraph/GlyphItemProtected.png, 385, 196, 49.1
1/20/2015 1:20:50 PM, img/2013/GlyphCallersGraph/GlyphItemPrivate.png, 385, 196, 49.1
1/20/2015 1:20:50 PM, img/2013/GlyphCallersGraph/GlyphItemInternal.png, 385, 196, 49.1
1/20/2015 1:20:50 PM, img/2013/GlyphCallersGraph/GlyphItemFriend.png, 385, 196, 49.1
1/20/2015 1:20:51 PM, img/2013/GlyphBscFile/TotalGlyphItems.png, 423, 237, 44
1/20/2015 1:20:51 PM, img/2013/GlyphBscFile/GlyphItemShortcut.png, 423, 237, 44
1/20/2015 1:20:52 PM, img/2013/GlyphBscFile/GlyphItemPublic.png, 423, 237, 44
1/20/2015 1:20:52 PM, img/2013/GlyphBscFile/GlyphItemProtected.png, 423, 237, 44
1/20/2015 1:20:53 PM, img/2013/GlyphBscFile/GlyphItemPrivate.png, 423, 237, 44
1/20/2015 1:20:53 PM, img/2013/GlyphBscFile/GlyphItemInternal.png, 423, 237, 44
1/20/2015 1:20:54 PM, img/2013/GlyphBscFile/GlyphItemFriend.png, 423, 237, 44
1/20/2015 1:20:54 PM, img/2013/GlyphAssembly/TotalGlyphItems.png, 215, 137, 36.3
1/20/2015 1:20:55 PM, img/2013/GlyphAssembly/GlyphItemShortcut.png, 215, 137, 36.3
1/20/2015 1:20:55 PM, img/2013/GlyphAssembly/GlyphItemPublic.png, 215, 137, 36.3
1/20/2015 1:20:55 PM, img/2013/GlyphAssembly/GlyphItemProtected.png, 215, 137, 36.3
1/20/2015 1:20:56 PM, img/2013/GlyphAssembly/GlyphItemPrivate.png, 215, 137, 36.3
1/20/2015 1:20:56 PM, img/2013/GlyphAssembly/GlyphItemInternal.png, 215, 137, 36.3
1/20/2015 1:20:56 PM, img/2013/GlyphAssembly/GlyphItemFriend.png, 215, 137, 36.3
1/20/2015 1:20:57 PM, img/2013/GlyphArrow/TotalGlyphItems.png, 297, 158, 46.8
1/20/2015 1:20:57 PM, img/2013/GlyphArrow/GlyphItemShortcut.png, 297, 158, 46.8
1/20/2015 1:20:57 PM, img/2013/GlyphArrow/GlyphItemPublic.png, 297, 158, 46.8
1/20/2015 1:20:58 PM, img/2013/GlyphArrow/GlyphItemProtected.png, 297, 158, 46.8
1/20/2015 1:20:58 PM, img/2013/GlyphArrow/GlyphItemPrivate.png, 297, 158, 46.8
1/20/2015 1:20:58 PM, img/2013/GlyphArrow/GlyphItemInternal.png, 297, 158, 46.8
1/20/2015 1:20:59 PM, img/2013/GlyphArrow/GlyphItemFriend.png, 297, 158, 46.8
